issue_id,from_status,to_status,changed_at,changed_by
1001,,Backlog,2025-09-01 22:15:38,j.tan
1001,Backlog,Waiting for In Progress,2025-09-03 06:33:31,r.silva
1001,Waiting for In Progress,In Progress,05/09/2025 15:25,r.silva
1001,In Progress,Waiting for Test,2025-09-08 04:35:28,m.okafor
1001,Waiting for Test,In Test,2025-09-09 10:47:20,j.tan
1001,In Test,Done,2025-09-09 15:29:02,m.okafor
1001,Done,Released,2025-09-11 09:00:00,r.silva
1002,,Backlog,2025-09-02 08:07:48,m.okafor
1002,Backlog,Waiting for In Progress,03/09/2025 11:20,m.okafor
1002,Waiting for In Progress,In Progress,2025-09-08 14:08:20,m.okafor
1002,In Progress,Waiting for Test,2025-09-09 19:59:18,j.tan
1002,Waiting for Test,In Test,2025-09-12 12:46:10,m.okafor
1002,In Test,Done,2025-09-12 16:42:30,j.tan
1002,Done,Released,2025-09-18 09:00:00,r.silva
1003,,Backlog,2025-09-02 13:01:36,r.silva
1003,Backlog,Waiting for In Progress,2025-09-03 08:16:52,m.okafor
1003,Waiting for In Progress,In Progress,2025-09-05 00:46:12,r.silva
1003,In Progress,Waiting for Test,2025-09-05 06:48:30,r.silva
1003,Waiting for Test,In Test,2025-09-08 18:25:19,r.silva
1003,In Test,Done,2025-09-08 23:32:57,j.tan
1003,Done,Released,2025-09-11 09:00:00,m.okafor
1004,,Backlog,2025-09-01 09:58:49,m.okafor
1004,Backlog,Waiting for In Progress,2025-09-04 18:44:16,m.okafor
1004,Waiting for In Progress,In Progress,2025-09-05 22:22:11,m.okafor
1004,In Progress,Waiting for Test,2025-09-08 08:38:41,r.silva
1004,Waiting for Test,In Test,2025-09-11 11:36:44,r.silva
1004,In Test,Done,2025-09-11 21:16:56,j.tan
1004,Done,Released,2025-09-18 09:00:00,m.okafor
1005,,Backlog,2025-09-01 22:30:51,m.okafor
1005,Backlog,Waiting for In Progress,2025-09-04 03:07:49,r.silva
1005,Waiting for In Progress,In Progress,2025-09-05 12:47:37,r.silva
1005,In Progress,Waiting for Test,2025-09-08 00:27:27,m.okafor
1005,Waiting for Test,In Test,2025-09-10 21:55:12,j.tan
1005,In Test,Done,2025-09-11 11:28:17,r.silva
1005,Done,Released,2025-09-18 09:00:00,j.tan
1006,,Backlog,2025-09-01 12:59:44,m.okafor
1006,Waiting for In Progress,In Progress,2025-09-05 04:08:55,m.okafor
1006,In Progress,Waiting for Test,2025-09-05 10:33:13,r.silva
1006,Waiting for Test,In Test,2025-09-05 13:09:09,j.tan
1006,In Test,Done,2025-09-05 17:03:54,r.silva
1006,Done,Released,2025-09-11 09:00:00,m.okafor
1007,,Backlog,2025-09-03 05:17:53,j.tan
1007,Backlog,Waiting for In Progress,05/09/2025 09:55,j.tan
1007,Waiting for In Progress,In Progress,2025-09-08 00:30:30,m.okafor
1007,In Progress,Waiting for Test,2025-09-08 15:22:56,r.silva
1007,Waiting for Test,In Test,2025-09-11 15:22:08,r.silva
1007,In Test,Done,2025-09-11 20:00:15,j.tan
1007,Done,Released,2025-09-18 09:00:00,j.tan
1008,,Backlog,2025-09-01 12:51:36,j.tan
1008,Backlog,Waiting for In Progress,2025-09-02 00:28:36,m.okafor
1008,In Progress,Waiting for Test,2025-09-08 02:40:46,m.okafor
1008,Waiting for Test,In Test,2025-09-09 01:38:35,m.okafor
1008,In Test,Done,2025-09-09 10:30:48,j.tan
1008,Done,Released,2025-09-11 09:00:00,m.okafor
1009,,Backlog,01/09/2025 15:26,j.tan
1009,Backlog,Waiting for In Progress,2025-09-04 01:26:32,m.okafor
1009,Waiting for In Progress,In Progress,2025-09-04 04:30:02,j.tan
1009,In Progress,Waiting for Test,2025-09-05 14:02:44,r.silva
1009,Waiting for Test,In Test,2025-09-08 17:14:04,m.okafor
1009,In Test,Done,2025-09-08 22:51:42,m.okafor
1009,Done,Released,2025-09-11 09:00:00,m.okafor
1010,,Backlog,2025-09-01 16:07:12,r.silva
1010,Backlog,Waiting for In Progress,02/09/2025 03:06,m.okafor
1010,Waiting for In Progress,In Progress,2025-09-08 08:12:46,j.tan
1010,In Progress,Waiting for Test,2025-09-08 18:52:32,m.okafor
1010,Waiting for Test,In Test,2025-09-10 00:48:01,m.okafor
1010,In Test,Done,2025-09-10 09:46:29,j.tan
1010,Done,Released,2025-09-11 09:00:00,r.silva
1011,,Backlog,2025-09-02 03:47:17,r.silva
1011,Backlog,Waiting for In Progress,2025-09-04 03:20:01,j.tan
1011,Waiting for In Progress,In Progress,2025-09-08 15:09:53,r.silva
1011,In Progress,Waiting for Test,09/09/2025 05:05,j.tan
1011,Waiting for Test,In Test,2025-09-10 18:28:14,r.silva
1011,In Test,Done,2025-09-10 23:07:47,j.tan
1011,Done,Released,2025-09-11 09:00:00,r.silva
1012,,Backlog,2025-09-02 18:12:26,r.silva
1012,Backlog,Waiting for In Progress,2025-09-05 16:44:27,m.okafor
1012,Waiting for In Progress,In Progress,2025-09-10 03:40:37,r.silva
1012,In Progress,Waiting for Test,2025-09-11 00:57:49,m.okafor
1012,Waiting for Test,In Test,2025-09-15 19:47:28,r.silva
1012,In Test,Done,2025-09-16 04:04:17,j.tan
1012,Done,Released,2025-09-18 09:00:00,m.okafor
1013,,Backlog,2025-09-02 18:04:32,l.moreau
1013,Backlog,Waiting for In Progress,2025-09-08 00:27:30,d.byrne
1013,Waiting for In Progress,In Progress,2025-09-09 15:52:58,l.moreau
1013,In Progress,Waiting for Test,2025-09-09 22:18:39,d.byrne
1013,Waiting for Test,In Test,2025-09-12 20:26:20,d.byrne
1013,In Test,Done,2025-09-15 02:01:35,d.byrne
1013,Done,In Progress,2025-09-15 14:17:39,l.moreau
1013,In Progress,Waiting for Test,2025-09-16 14:17:16,l.moreau
1013,Waiting for Test,In Test,2025-09-17 08:36:50,l.moreau
1013,In Test,Done,2025-09-17 14:45:50,l.moreau
1013,Done,Released,2025-09-18 09:00:00,d.byrne
1014,,Backlog,2025-09-02 20:09:36,d.byrne
1014,Backlog,Waiting for In Progress,05/09/2025 16:06,d.byrne
1014,Waiting for In Progress,In Progress,2025-09-08 04:03:35,d.byrne
1014,In Progress,Waiting for Test,2025-09-08 12:21:30,l.moreau
1014,Waiting for Test,In Test,2025-09-11 05:13:24,d.byrne
1014,In Test,Done,2025-09-11 07:37:16,d.byrne
1014,Done,Released,11/09/2025 09:00,l.moreau
1015,,Backlog,2025-08-28 18:14:58,d.byrne
1015,Backlog,Waiting for In Progress,29/08/2025 23:40,l.moreau
1015,Waiting for In Progress,In Progress,2025-09-03 10:21:11,d.byrne
1015,In Progress,Waiting for Test,2025-09-04 05:51:43,l.moreau
1015,Waiting for Test,In Test,08/09/2025 06:34,d.byrne
1015,In Test,Done,08/09/2025 14:31,d.byrne
1015,Done,In Progress,2025-09-10 12:35:03,l.moreau
1015,In Progress,Waiting for Test,2025-09-10 21:40:00,l.moreau
1015,Waiting for Test,In Test,2025-09-12 06:38:28,l.moreau
1015,In Test,Done,2025-09-12 20:10:52,d.byrne
1015,Done,Released,2025-09-18 09:00:00,l.moreau
1016,,Backlog,01/09/2025 16:39,l.moreau
1016,Backlog,Waiting for In Progress,2025-09-03 15:05:03,l.moreau
1016,Waiting for In Progress,In Progress,2025-09-08 06:18:11,d.byrne
1016,In Progress,Waiting for Test,2025-09-08 16:24:29,l.moreau
1016,Waiting for Test,In Test,2025-09-09 15:48:13,l.moreau
1016,In Test,Done,2025-09-09 22:21:03,l.moreau
1016,Done,Released,2025-09-11 09:00:00,d.byrne
1017,,Backlog,2025-09-02 15:18:50,d.byrne
1017,Backlog,Waiting for In Progress,2025-09-04 23:56:05,d.byrne
1017,Waiting for In Progress,In Progress,2025-09-08 17:21:25,d.byrne
1017,In Progress,Waiting for Test,09/09/2025 22:06,d.byrne
1017,Waiting for Test,In Test,2025-09-12 08:52:42,l.moreau
1017,In Test,Done,2025-09-12 16:56:42,d.byrne
1017,Done,Released,2025-09-18 09:00:00,l.moreau
1018,,Backlog,2025-09-01 19:36:19,l.moreau
1018,Backlog,Waiting for In Progress,2025-09-03 20:32:28,l.moreau
1018,Waiting for In Progress,In Progress,2025-09-05 20:07:19,d.byrne
1018,In Progress,Waiting for Test,08/09/2025 14:23,l.moreau
1018,Waiting for Test,In Test,2025-09-08 16:59:08,l.moreau
1018,In Test,Done,2025-09-08 21:37:23,l.moreau
1018,Done,Released,11/09/2025 09:00,l.moreau
1019,,Backlog,2025-09-02 01:00:51,d.byrne
1019,Backlog,Waiting for In Progress,2025-09-03 18:32:45,l.moreau
1019,Waiting for In Progress,In Progress,2025-09-08 17:09:09,l.moreau
1019,In Progress,Waiting for Test,09/09/2025 14:56,d.byrne
1019,Waiting for Test,In Test,2025-09-11 17:03:24,d.byrne
1019,In Test,Done,2025-09-11 21:29:55,l.moreau
1019,Done,Released,2025-09-18 09:00:00,l.moreau
1020,,Backlog,2025-09-03 02:48:29,l.moreau
1020,Backlog,Waiting for In Progress,2025-09-05 04:23:36,l.moreau
1020,Waiting for In Progress,In Progress,2025-09-05 10:54:59,d.byrne
1020,In Progress,Waiting for Test,2025-09-08 03:03:55,d.byrne
1020,Waiting for Test,In Test,2025-09-10 09:15:23,l.moreau
1020,In Test,Done,2025-09-10 15:27:00,l.moreau
1020,Done,In Progress,2025-09-11 16:24:00,d.byrne
1020,In Progress,Waiting for Test,2025-09-11 19:27:52,l.moreau
1020,Waiting for Test,In Test,15/09/2025 03:20,l.moreau
1020,In Test,Done,2025-09-15 08:36:59,d.byrne
1020,Done,Released,2025-09-18 09:00:00,l.moreau
1020,Waiting for In Progress,In Progress,2025-09-05 10:54:59,d.byrne
1021,,Backlog,29/08/2025 03:57,l.moreau
1021,Backlog,Waiting for In Progress,2025-09-01 18:02:27,d.byrne
1021,Waiting for In Progress,In Progress,2025-09-05 03:20:35,l.moreau
1021,In Progress,Waiting for Test,2025-09-05 13:30:33,l.moreau
1021,Waiting for Test,In Test,2025-09-08 09:17:47,d.byrne
1021,In Test,Done,08/09/2025 20:27,l.moreau
1021,Done,Released,2025-09-11 09:00:00,l.moreau
1022,,Backlog,2025-09-01 11:59:44,p.nair
1022,Backlog,Waiting for In Progress,2025-09-03 23:16:58,p.nair
1022,Waiting for In Progress,In Progress,2025-09-08 18:02:24,p.nair
1022,In Progress,Waiting for Test,2025-09-09 05:18:45,p.nair
1022,Waiting for Test,In Test,2025-09-11 08:08:00,a.kowalski
1022,In Test,Done,2025-09-11 11:36:26,s.rossi
1022,Done,Released,2025-09-18 09:00:00,s.rossi
1023,,Backlog,02/09/2025 02:54,p.nair
1023,Backlog,Waiting for In Progress,2025-09-04 16:54:59,p.nair
1023,Waiting for In Progress,In Progress,2025-09-04 21:43:45,p.nair
1023,In Progress,Waiting for Test,2025-09-05 02:07:55,s.rossi
1023,Waiting for Test,In Test,2025-09-08 07:34:20,p.nair
1023,In Test,Done,2025-09-08 19:41:08,p.nair
1023,Done,Released,2025-09-11 09:00:00,p.nair
1024,,Backlog,29/08/2025 16:42,p.nair
1024,Backlog,Waiting for In Progress,2025-09-01 18:56:31,s.rossi
1024,Waiting for In Progress,In Progress,05/09/2025 17:36,p.nair
1024,In Progress,Waiting for Test,2025-09-08 07:42:33,s.rossi
1024,Waiting for Test,In Test,2025-09-09 16:47:58,a.kowalski
1024,In Test,Done,2025-09-10 08:25:32,s.rossi
1024,Done,Released,2025-09-11 09:00:00,p.nair
1025,,Backlog,2025-09-01 17:54:56,a.kowalski
1025,Backlog,Waiting for In Progress,05/09/2025 03:31,s.rossi
1025,Waiting for In Progress,In Progress,2025-09-08 14:11:53,p.nair
1025,In Progress,Waiting for Test,2025-09-08 20:58:33,a.kowalski
1025,Waiting for Test,In Test,2025-09-09 10:27:19,a.kowalski
1025,In Test,Done,2025-09-09 13:38:14,s.rossi
1025,Done,Released,2025-09-11 09:00:00,p.nair
1026,,Backlog,2025-09-02 15:16:24,s.rossi
1026,Backlog,Waiting for In Progress,2025-09-08 00:31:19,p.nair
1026,Waiting for In Progress,In Progress,2025-09-10 22:31:08,p.nair
1026,In Progress,Waiting for Test,2025-09-11 03:38:55,s.rossi
1026,Waiting for Test,In Test,2025-09-12 13:13:47,p.nair
1026,In Test,Done,2025-09-12 18:17:04,p.nair
1026,Done,Released,2025-09-18 09:00:00,p.nair
1027,,Backlog,2025-09-01 20:10:21,c.mendes
1027,Backlog,Waiting for In Progress,2025-09-02 21:31:04,c.mendes
1027,Waiting for In Progress,In Progress,2025-09-03 23:31:13,c.mendes
1027,In Progress,Waiting for Test,2025-09-04 17:46:32,h.ozturk
1027,Waiting for Test,In Test,05/09/2025 04:51,c.mendes
1027,In Test,Done,2025-09-05 11:40:43,c.mendes
1027,Done,Released,2025-09-11 09:00:00,h.ozturk
1028,,Backlog,2025-09-01 01:32:03,h.ozturk
1028,Backlog,Waiting for In Progress,2025-09-03 05:03:17,c.mendes
1028,Waiting for In Progress,In Progress,2025-09-08 00:57:45,c.mendes
1028,In Progress,Waiting for Test,2025-09-08 22:59:35,c.mendes
1028,Waiting for Test,In Test,2025-09-11 14:33:05,c.mendes
1028,In Test,Done,11/09/2025 17:44,c.mendes
1028,Done,Released,2025-09-18 09:00:00,c.mendes
1029,,Backlog,2025-09-01 22:57:27,h.ozturk
1029,Backlog,Waiting for In Progress,2025-09-03 20:34:30,c.mendes
1029,Waiting for In Progress,In Progress,2025-09-08 08:21:05,c.mendes
1029,In Progress,Waiting for Test,2025-09-08 15:54:41,h.ozturk
1029,Waiting for Test,In Test,2025-09-10 09:01:40,h.ozturk
1029,In Test,Done,2025-09-10 17:08:08,h.ozturk
1029,Done,Released,2025-09-11 09:00:00,c.mendes
1030,,Backlog,2025-08-29 04:12:15,h.ozturk
1030,Backlog,Waiting for In Progress,2025-09-01 04:13:25,c.mendes
1030,Waiting for In Progress,In Progress,2025-09-02 12:48:40,c.mendes
1030,In Progress,Waiting for Test,2025-09-04 13:40:38,c.mendes
1030,Waiting for Test,In Test,2025-09-04 23:46:21,c.mendes
1030,In Test,Done,2025-09-05 08:51:53,c.mendes
1030,Done,Released,2025-09-11 09:00:00,h.ozturk
1031,,Backlog,2025-09-02 09:55:12,h.ozturk
1031,Backlog,Waiting for In Progress,04/09/2025 12:03,h.ozturk
1031,Waiting for In Progress,In Progress,2025-09-08 12:21:39,c.mendes
1031,In Progress,Waiting for Test,2025-09-10 13:58:37,c.mendes
1031,Waiting for Test,In Test,2025-09-15 21:48:17,c.mendes
1031,In Test,Done,16/09/2025 06:12,h.ozturk
1031,Done,Released,2025-09-18 09:00:00,h.ozturk
1032,,Backlog,2025-09-03 09:47:41,h.ozturk
1032,Backlog,Waiting for In Progress,2025-09-08 20:16:46,c.mendes
1032,Waiting for In Progress,In Progress,2025-09-10 13:42:46,h.ozturk
1032,In Progress,Waiting for Test,2025-09-11 00:21:11,c.mendes
1032,Waiting for Test,In Test,2025-09-15 12:08:30,c.mendes
1032,In Test,Done,2025-09-15 15:06:29,c.mendes
1032,Done,Released,18/09/2025 09:00,c.mendes
1033,,Backlog,2025-09-01 13:57:52,h.ozturk
1033,Backlog,Waiting for In Progress,2025-09-03 07:04:24,c.mendes
1033,Waiting for In Progress,In Progress,2025-09-08 02:03:46,h.ozturk
1033,In Progress,Waiting for Test,2025-09-08 17:58:05,h.ozturk
1033,Waiting for Test,In Test,2025-09-11 08:12:30,c.mendes
1033,In Test,Done,2025-09-12 00:17:26,c.mendes
1033,Done,Released,2025-09-18 09:00:00,c.mendes
1034,,Backlog,2025-09-16 12:20:08,j.tan
1034,Backlog,Waiting for In Progress,2025-09-19 13:59:03,r.silva
1034,Waiting for In Progress,In Progress,2025-09-22 07:11:24,m.okafor
1034,In Progress,Waiting for Test,2025-09-22 14:12:28,r.silva
1034,Waiting for Test,In Test,2025-09-25 18:17:30,j.tan
1034,In Test,Done,2025-09-26 02:19:26,m.okafor
1034,Done,Released,2025-10-02 09:00:00,r.silva
1035,,Backlog,2025-09-15 07:12:14,j.tan
1035,Backlog,Waiting for In Progress,2025-09-18 18:57:55,r.silva
1035,In Progress,Waiting for Test,2025-09-24 05:47:23,r.silva
1035,Waiting for Test,In Test,2025-09-26 13:58:41,j.tan
1035,In Test,Done,2025-09-26 15:55:52,m.okafor
1035,Done,Released,2025-10-02 09:00:00,r.silva
1036,,Backlog,2025-09-16 07:32:14,j.tan
1036,Backlog,Waiting for In Progress,2025-09-18 22:06:30,r.silva
1036,Waiting for In Progress,In Progress,22/09/2025 02:00,m.okafor
1036,In Progress,Waiting for Test,2025-09-22 21:26:30,r.silva
1036,Waiting for Test,In Test,2025-09-24 18:04:32,r.silva
1036,In Test,Done,2025-09-25 00:15:18,r.silva
1036,Done,Released,2025-09-25 09:00:00,r.silva
1037,,Backlog,2025-09-16 14:59:01,r.silva
1037,Backlog,Waiting for In Progress,2025-09-19 00:42:03,j.tan
1037,Waiting for In Progress,In Progress,2025-09-22 04:29:09,r.silva
1037,In Progress,Waiting for Test,2025-09-22 15:39:49,j.tan
1037,Waiting for Test,In Test,2025-09-23 14:31:41,m.okafor
1037,In Test,Done,2025-09-23 19:00:13,m.okafor
1037,Done,Released,25/09/2025 09:00,r.silva
1038,,Backlog,2025-09-16 17:12:23,j.tan
1038,Backlog,Waiting for In Progress,2025-09-19 00:00:30,r.silva
1038,Waiting for In Progress,In Progress,2025-09-22 20:36:24,m.okafor
1038,In Progress,Waiting for Test,2025-09-23 05:28:26,m.okafor
1038,Waiting for Test,In Test,2025-09-23 18:02:00,j.tan
1038,In Test,Done,2025-09-24 00:23:42,m.okafor
1038,Done,Released,2025-09-25 09:00:00,r.silva
1039,,Backlog,2025-09-15 20:01:22,r.silva
1039,Backlog,Waiting for In Progress,2025-09-18 11:28:57,r.silva
1039,Waiting for In Progress,In Progress,2025-09-18 23:05:34,r.silva
1039,In Progress,Waiting for Test,2025-09-22 01:51:55,m.okafor
1039,Waiting for Test,In Test,22/09/2025 20:35,j.tan
1039,In Test,Done,2025-09-23 02:53:12,m.okafor
1039,Done,Released,2025-09-25 09:00:00,r.silva
1040,,Backlog,2025-09-16 09:20:53,m.okafor
1040,Backlog,Waiting for In Progress,2025-09-17 15:42:05,r.silva
1040,Waiting for In Progress,In Progress,2025-09-22 17:04:34,r.silva
1040,In Progress,Waiting for Test,23/09/2025 07:28,r.silva
1040,Waiting for Test,In Test,2025-09-24 14:18:16,m.okafor
1040,In Test,Done,2025-09-24 18:13:00,r.silva
1040,Done,In Progress,2025-09-29 11:52:25,m.okafor
1040,In Progress,Waiting for Test,2025-09-29 19:08:52,m.okafor
1040,Waiting for Test,In Test,2025-09-30 13:54:33,r.silva
1040,In Test,Done,2025-09-30 18:36:42,r.silva
1040,Done,Released,2025-10-02 09:00:00,r.silva
1041,,Backlog,2025-09-15 22:26:57,m.okafor
1041,Backlog,Waiting for In Progress,2025-09-19 07:47:38,r.silva
1041,Waiting for In Progress,In Progress,2025-09-22 23:29:04,m.okafor
1041,In Progress,Waiting for Test,2025-09-24 21:36:30,r.silva
1042,,Backlog,2025-09-17 19:31:21,m.okafor
1042,Backlog,Waiting for In Progress,2025-09-18 21:00:46,r.silva
1042,Waiting for In Progress,In Progress,2025-09-22 07:19:05,r.silva
1042,In Progress,Waiting for Test,2025-09-23 16:43:19,m.okafor
1042,Waiting for Test,In Test,2025-09-24 10:32:02,r.silva
1042,In Test,Done,2025-09-24 12:11:11,m.okafor
1042,Done,Released,2025-09-25 09:00:00,m.okafor
1043,,Backlog,2025-09-16 07:10:21,j.tan
1043,Backlog,Waiting for In Progress,2025-09-17 13:06:34,j.tan
1043,Waiting for In Progress,In Progress,2025-09-22 13:40:53,r.silva
1043,In Progress,Waiting for Test,2025-09-23 11:33:32,j.tan
1043,Waiting for Test,In Test,2025-09-24 19:53:54,m.okafor
1043,In Test,Done,2025-09-25 09:35:07,r.silva
1043,Done,Released,2025-10-02 09:00:00,r.silva
1044,,Backlog,2025-09-16 15:04:49,r.silva
1044,Backlog,Waiting for In Progress,2025-09-18 17:35:08,r.silva
1044,Waiting for In Progress,In Progress,2025-09-22 13:47:10,m.okafor
1044,In Progress,Waiting for Test,2025-09-23 02:46:37,m.okafor
1044,Waiting for Test,In Test,2025-09-25 13:36:19,r.silva
1044,In Test,Done,2025-09-26 02:36:48,j.tan
1044,Done,Released,2025-10-02 09:00:00,r.silva
1044,Done,Released,2025-10-02 09:00:00,r.silva
1045,,Backlog,2025-09-16 03:51:08,j.tan
1045,Backlog,Waiting for In Progress,2025-09-16 10:12:42,j.tan
1045,Waiting for In Progress,In Progress,2025-09-16 13:11:03,r.silva
1045,In Progress,Waiting for Test,2025-09-18 10:13:57,m.okafor
1045,Waiting for Test,In Test,2025-09-22 11:31:32,r.silva
1045,In Test,Done,2025-09-22 15:02:52,m.okafor
1045,Done,Released,2025-09-25 09:00:00,j.tan
1046,,Backlog,2025-09-15 22:49:33,d.byrne
1046,Backlog,Waiting for In Progress,2025-09-18 23:41:52,d.byrne
1046,Waiting for In Progress,In Progress,2025-09-22 17:27:28,d.byrne
1046,In Progress,Waiting for Test,2025-09-23 10:01:17,l.moreau
1046,Waiting for Test,In Test,2025-09-25 00:51:33,d.byrne
1046,In Test,Done,2025-09-25 08:00:21,l.moreau
1046,Done,Released,2025-09-25 09:00:00,d.byrne
1047,,Backlog,2025-09-16 05:19:55,d.byrne
1047,Backlog,Waiting for In Progress,2025-09-16 20:26:44,l.moreau
1047,Waiting for In Progress,In Progress,2025-09-18 05:09:45,l.moreau
1047,In Progress,Waiting for Test,2025-09-18 07:12:24,d.byrne
1047,Waiting for Test,In Test,2025-09-18 08:23:10,d.byrne
1047,In Test,Done,2025-09-19 02:33:31,l.moreau
1047,Done,Released,2025-09-25 09:00:00,l.moreau
1048,,Backlog,2025-09-12 08:45:56,d.byrne
1048,Backlog,Waiting for In Progress,2025-09-15 21:15:47,l.moreau
1048,Waiting for In Progress,In Progress,2025-09-19 02:47:04,l.moreau
1048,In Progress,Waiting for Test,2025-09-19 22:23:31,d.byrne
1048,Waiting for Test,In Test,2025-09-22 20:51:42,d.byrne
1048,In Test,Done,23/09/2025 00:16,d.byrne
1048,Done,Released,2025-09-25 09:00:00,l.moreau
1049,,Backlog,2025-09-11 19:17:45,l.moreau
1049,Backlog,Waiting for In Progress,2025-09-15 07:50:16,d.byrne
1049,Waiting for In Progress,In Progress,2025-09-17 03:31:19,l.moreau
1049,In Progress,Waiting for Test,2025-09-17 14:04:32,d.byrne
1049,Waiting for Test,In Test,2025-09-18 09:50:52,d.byrne
1049,In Test,Done,2025-09-18 20:07:11,d.byrne
1049,Done,Released,2025-09-25 09:00:00,l.moreau
1050,,Backlog,2025-09-12 06:25:55,d.byrne
1050,Backlog,Waiting for In Progress,2025-09-15 01:53:14,d.byrne
1050,Waiting for In Progress,In Progress,2025-09-18 18:48:44,d.byrne
1050,In Progress,Waiting for Test,2025-09-19 20:39:22,l.moreau
1050,Waiting for Test,In Test,2025-09-22 03:25:02,d.byrne
1050,In Test,Done,2025-09-22 07:27:40,l.moreau
1050,Done,Released,2025-09-25 09:00:00,l.moreau
1051,,Backlog,2025-09-16 12:27:55,a.kowalski
1051,Backlog,Waiting for In Progress,2025-09-19 01:28:08,p.nair
1051,Waiting for In Progress,In Progress,2025-09-23 00:24:41,a.kowalski
1051,In Progress,Waiting for Test,2025-09-23 19:04:16,s.rossi
1051,Waiting for Test,In Test,2025-09-25 07:22:59,a.kowalski
1051,In Test,Done,2025-09-25 11:49:05,s.rossi
1051,Done,Released,2025-10-02 09:00:00,a.kowalski
1052,,Backlog,2025-09-15 08:11:11,a.kowalski
1052,Backlog,Waiting for In Progress,2025-09-18 02:38:17,a.kowalski
1052,Waiting for In Progress,In Progress,2025-09-18 11:41:54,a.kowalski
1052,In Progress,Waiting for Test,2025-09-18 21:40:36,s.rossi
1052,Waiting for Test,In Test,2025-09-19 16:44:43,p.nair
1052,In Test,Done,2025-09-19 20:02:38,p.nair
1052,Done,Released,2025-09-25 09:00:00,p.nair
1053,,Backlog,2025-09-15 03:54:26,p.nair
1053,Backlog,Waiting for In Progress,2025-09-17 18:10:51,p.nair
1053,Waiting for In Progress,In Progress,2025-09-22 01:46:26,p.nair
1053,In Progress,Waiting for Test,2025-09-22 17:38:25,p.nair
1053,Waiting for Test,In Test,2025-09-23 04:42:53,s.rossi
1053,In Test,Done,2025-09-23 11:03:03,p.nair
1053,Done,Released,25/09/2025 09:00,p.nair
1054,,Backlog,2025-09-15 23:25:25,p.nair
1054,Backlog,Waiting for In Progress,2025-09-19 15:30:50,s.rossi
1054,Waiting for In Progress,In Progress,2025-09-24 10:21:08,a.kowalski
1054,In Progress,Waiting for Test,2025-09-25 01:32:08,a.kowalski
1054,Waiting for Test,In Test,2025-09-29 20:45:48,p.nair
1054,In Test,Done,2025-09-30 10:30:02,s.rossi
1054,Done,Released,2025-10-02 09:00:00,a.kowalski
1055,,Backlog,2025-09-15 14:25:04,s.rossi
1055,Backlog,Waiting for In Progress,2025-09-19 00:47:46,s.rossi
1055,Waiting for In Progress,In Progress,22/09/2025 22:03,a.kowalski
1055,In Progress,Waiting for Test,2025-09-23 10:13:40,s.rossi
1055,Waiting for Test,In Test,2025-09-26 08:09:18,p.nair
1055,In Test,Done,2025-09-26 18:12:38,a.kowalski
1055,Done,Released,2025-10-02 09:00:00,p.nair
1056,,Backlog,2025-09-12 23:15:25,p.nair
1056,Backlog,Waiting for In Progress,2025-09-15 08:16:46,p.nair
1056,Waiting for In Progress,In Progress,2025-09-19 11:45:01,p.nair
1056,In Progress,Waiting for Test,2025-09-19 14:58:15,a.kowalski
1056,Waiting for Test,In Test,2025-09-22 03:22:24,s.rossi
1056,In Test,Done,2025-09-22 12:27:01,s.rossi
1056,Done,Released,2025-09-25 09:00:00,s.rossi
1057,,Backlog,2025-09-16 04:59:54,p.nair
1057,Backlog,Waiting for In Progress,2025-09-16 13:53:30,s.rossi
1057,Waiting for In Progress,In Progress,2025-09-16 21:42:03,p.nair
1057,In Progress,Waiting for Test,2025-09-17 05:11:28,a.kowalski
1057,Waiting for Test,In Test,2025-09-17 10:38:43,p.nair
1057,In Test,Done,17/09/2025 14:51,a.kowalski
1057,Done,Released,2025-09-18 09:00:00,p.nair
1058,,Backlog,2025-09-15 23:39:09,s.rossi
1058,Backlog,Waiting for In Progress,2025-09-17 16:05:46,a.kowalski
1058,Waiting for In Progress,In Progress,22/09/2025 09:16,s.rossi
1058,In Progress,Waiting for Test,23/09/2025 02:48,p.nair
1058,Waiting for Test,In Test,2025-09-25 16:29:09,p.nair
1058,In Test,Done,2025-09-26 00:22:56,a.kowalski
1058,Done,Released,2025-10-02 09:00:00,p.nair
1059,,Backlog,2025-09-16 18:30:15,a.kowalski
1059,Backlog,Waiting for In Progress,2025-09-19 17:03:29,p.nair
1059,Waiting for In Progress,In Progress,2025-09-24 06:11:02,p.nair
1059,In Progress,Waiting for Test,2025-09-24 16:37:28,p.nair
1059,Waiting for Test,In Test,25/09/2025 16:45,p.nair
1059,In Test,Done,2025-09-26 06:32:43,s.rossi
1059,Done,Released,2025-10-02 09:00:00,a.kowalski
1060,,Backlog,2025-09-17 08:13:02,p.nair
1060,Waiting for In Progress,In Progress,2025-09-24 02:56:24,a.kowalski
1060,In Progress,Waiting for Test,2025-09-24 20:32:56,a.kowalski
1060,Waiting for Test,In Test,2025-09-29 17:47:56,a.kowalski
1060,In Test,Done,2025-09-30 03:19:21,p.nair
1060,Done,In Progress,2025-10-06 20:01:55,p.nair
1060,In Progress,Waiting for Test,2025-10-07 04:26:15,a.kowalski
1060,Waiting for Test,In Test,2025-10-08 11:14:57,p.nair
1060,In Test,Done,08/10/2025 19:00,p.nair
1060,Done,Released,2025-10-16 09:00:00,a.kowalski
1061,,Backlog,2025-09-16 19:07:36,h.ozturk
1061,Backlog,Waiting for In Progress,2025-09-19 06:35:02,h.ozturk
1061,Waiting for In Progress,In Progress,2025-09-24 02:29:54,h.ozturk
1061,In Progress,Waiting for Test,2025-09-24 04:16:28,c.mendes
1061,Waiting for Test,In Test,2025-09-29 09:02:31,c.mendes
1061,In Test,Done,2025-09-29 12:39:27,c.mendes
1061,Done,Released,2025-10-02 09:00:00,c.mendes
1062,,Backlog,2025-09-12 20:58:26,h.ozturk
1062,Backlog,Waiting for In Progress,2025-09-15 09:19:42,c.mendes
1062,Waiting for In Progress,In Progress,2025-09-19 23:46:39,h.ozturk
1062,In Progress,Waiting for Test,2025-09-22 06:29:49,c.mendes
1062,Waiting for Test,In Test,2025-09-22 22:49:39,c.mendes
1062,In Test,Done,2025-09-23 07:06:15,c.mendes
1062,Done,Released,2025-09-25 09:00:00,h.ozturk
1063,,Backlog,2025-09-15 00:03:34,h.ozturk
1063,Backlog,Waiting for In Progress,2025-09-15 23:57:05,c.mendes
1063,Waiting for In Progress,In Progress,2025-09-18 16:57:14,h.ozturk
1063,In Progress,Waiting for Test,2025-09-22 02:25:52,c.mendes
1063,Waiting for Test,In Test,24/09/2025 03:34,c.mendes
1063,In Test,Done,2025-09-24 09:05:02,c.mendes
1063,Done,Released,2025-09-25 09:00:00,h.ozturk
1064,,Backlog,2025-09-16 05:53:36,h.ozturk
1064,Backlog,Waiting for In Progress,19/09/2025 06:45,h.ozturk
1064,Waiting for In Progress,In Progress,2025-09-22 14:47:28,c.mendes
1064,In Progress,Waiting for Test,2025-09-23 00:35:45,h.ozturk
1064,Waiting for Test,In Test,26/09/2025 07:53,c.mendes
1064,In Test,Done,2025-09-26 13:29:01,c.mendes
1064,Done,Released,2025-10-02 09:00:00,c.mendes
1065,,Backlog,2025-09-15 23:16:11,c.mendes
1065,Backlog,Waiting for In Progress,2025-09-19 08:21:33,h.ozturk
1065,Waiting for In Progress,In Progress,2025-09-22 10:00:30,c.mendes
1065,In Progress,Waiting for Test,2025-09-22 20:06:04,h.ozturk
1065,Waiting for Test,In Test,2025-09-24 02:26:06,h.ozturk
1065,In Test,Done,2025-09-24 05:20:03,c.mendes
1065,Done,Released,2025-09-25 09:00:00,c.mendes
1066,,Backlog,2025-09-15 08:16:44,c.mendes
1066,Backlog,Waiting for In Progress,2025-09-16 11:14:36,h.ozturk
1066,Waiting for In Progress,In Progress,2025-09-18 20:28:05,c.mendes
1066,In Progress,Waiting for Test,2025-09-19 09:03:24,c.mendes
1066,Waiting for Test,In Test,2025-09-22 00:59:31,h.ozturk
1066,In Test,Done,2025-09-23 02:11:25,c.mendes
1066,Done,Released,2025-09-25 09:00:00,c.mendes
1067,,Backlog,2025-09-16 08:16:21,h.ozturk
1067,Backlog,Waiting for In Progress,2025-09-17 19:58:36,h.ozturk
1067,Waiting for In Progress,In Progress,2025-09-17 23:46:11,c.mendes
1067,In Progress,Waiting for Test,18/09/2025 09:43,c.mendes
1067,Waiting for Test,In Test,2025-09-18 19:11:15,c.mendes
1067,In Test,Done,2025-09-19 16:47:01,c.mendes
1067,Done,Released,2025-09-25 09:00:00,h.ozturk
1068,,Backlog,2025-09-15 16:10:46,h.ozturk
1068,Backlog,Waiting for In Progress,16/09/2025 09:56,h.ozturk
1068,Waiting for In Progress,In Progress,2025-09-17 15:25:10,h.ozturk
1068,In Progress,Waiting for Test,2025-09-17 18:56:01,c.mendes
1068,Waiting for Test,In Test,2025-09-22 06:02:49,c.mendes
1068,In Test,Done,2025-09-22 11:08:15,h.ozturk
1068,Done,In Progress,2025-09-24 08:53:01,h.ozturk
1068,In Progress,Waiting for Test,2025-09-24 21:35:25,h.ozturk
1068,Waiting for Test,In Test,2025-09-29 04:41:29,c.mendes
1068,In Test,Done,2025-09-29 11:32:49,c.mendes
1068,Done,Released,2025-10-02 09:00:00,h.ozturk
1069,,Backlog,2025-09-16 00:38:43,c.mendes
1069,Backlog,Waiting for In Progress,2025-09-16 17:34:12,c.mendes
1069,Waiting for In Progress,In Progress,2025-09-19 10:11:18,h.ozturk
1069,In Progress,Waiting for Test,2025-09-22 14:03:48,h.ozturk
1069,Waiting for Test,In Test,2025-09-23 17:56:57,h.ozturk
1069,In Test,Done,2025-09-24 04:28:35,c.mendes
1069,Done,Released,2025-09-25 09:00:00,h.ozturk
1070,,Backlog,2025-09-16 01:15:37,c.mendes
1070,Backlog,Waiting for In Progress,2025-09-16 17:14:37,c.mendes
1070,Waiting for In Progress,In Progress,2025-09-19 13:34:10,h.ozturk
1070,In Progress,Waiting for Test,2025-09-19 19:56:25,h.ozturk
1070,Waiting for Test,In Test,2025-09-22 14:06:32,c.mendes
1070,In Test,Done,2025-09-22 17:01:50,h.ozturk
1070,Done,Released,2025-09-25 09:00:00,h.ozturk
1071,,Backlog,26/09/2025 23:43,j.tan
1071,Backlog,Waiting for In Progress,2025-09-29 23:15:20,r.silva
1071,Waiting for In Progress,In Progress,2025-09-30 09:21:55,r.silva
1071,In Progress,Waiting for Test,2025-09-30 17:33:20,m.okafor
1071,Waiting for Test,In Test,2025-09-30 23:16:06,j.tan
1071,In Test,Done,2025-10-01 10:29:08,r.silva
1071,Done,Released,2025-10-02 09:00:00,r.silva
1072,,Backlog,30/09/2025 12:00,j.tan
1072,Backlog,Waiting for In Progress,2025-10-02 14:49:53,m.okafor
1072,Waiting for In Progress,In Progress,2025-10-06 18:33:15,r.silva
1072,In Progress,Waiting for Test,2025-10-07 12:59:04,m.okafor
1072,Waiting for Test,In Test,2025-10-07 17:52:58,m.okafor
1072,In Test,Done,2025-10-07 23:29:00,m.okafor
1072,Done,Released,2025-10-16 09:00:00,r.silva
1073,,Backlog,2025-09-29 23:08:53,m.okafor
1073,Backlog,Waiting for In Progress,2025-10-02 12:21:41,m.okafor
1073,Waiting for In Progress,In Progress,2025-10-03 02:11:26,j.tan
1073,In Progress,Waiting for Test,2025-10-03 06:52:19,j.tan
1073,Waiting for Test,In Test,2025-10-06 04:14:11,j.tan
1073,In Test,Done,2025-10-06 09:18:56,r.silva
1073,Done,Released,2025-10-16 09:00:00,r.silva
1074,,Backlog,2025-09-29 22:20:51,j.tan
1074,Backlog,Waiting for In Progress,2025-10-01 07:21:41,m.okafor
1074,Waiting for In Progress,In Progress,2025-10-06 04:26:46,r.silva
1074,In Progress,Waiting for Test,2025-10-06 12:58:39,r.silva
1074,Waiting for Test,In Test,2025-10-07 19:28:03,j.tan
1074,In Test,Done,2025-10-08 08:20:57,j.tan
1074,Done,Released,2025-10-16 09:00:00,j.tan
1075,,Backlog,29/09/2025 17:58,r.silva
1075,Backlog,Waiting for In Progress,2025-10-01 02:10:29,m.okafor
1075,Waiting for In Progress,In Progress,2025-10-01 18:17:31,r.silva
1075,In Progress,Waiting for Test,2025-10-01 23:54:52,r.silva
1076,,Backlog,2025-09-30 22:05:37,m.okafor
1076,Backlog,Waiting for In Progress,2025-10-02 17:26:27,r.silva
1076,Waiting for In Progress,In Progress,2025-10-03 04:21:35,r.silva
1076,In Progress,Waiting for Test,2025-10-06 19:48:51,m.okafor
1076,Waiting for Test,In Test,2025-10-08 12:15:09,m.okafor
1076,In Test,Done,2025-10-08 18:01:47,m.okafor
1076,Done,Released,2025-10-16 09:00:00,r.silva
1077,,Backlog,2025-10-01 06:02:43,j.tan
1077,Backlog,Waiting for In Progress,2025-10-06 12:59:00,j.tan
1077,Waiting for In Progress,In Progress,2025-10-10 08:02:18,m.okafor
1077,In Progress,Waiting for Test,2025-10-10 16:32:38,m.okafor
1077,Waiting for Test,In Test,2025-10-13 23:29:32,j.tan
1077,In Test,Done,2025-10-14 10:04:47,r.silva
1077,Done,Released,2025-10-16 09:00:00,m.okafor
1078,,Backlog,2025-09-30 09:27:55,r.silva
1078,Backlog,Waiting for In Progress,2025-09-30 13:19:34,j.tan
1078,Waiting for In Progress,In Progress,2025-10-03 06:28:11,r.silva
1078,In Progress,Waiting for Test,2025-10-06 13:07:45,m.okafor
1078,Waiting for Test,In Test,2025-10-09 07:48:23,m.okafor
1078,In Test,Done,2025-10-09 19:36:06,r.silva
1078,Done,Released,2025-10-16 09:00:00,m.okafor
1079,,Backlog,2025-09-29 02:32:14,r.silva
1079,Backlog,Waiting for In Progress,2025-09-29 17:16:07,j.tan
1079,Waiting for In Progress,In Progress,2025-10-03 21:43:45,j.tan
1079,In Progress,Waiting for Test,2025-10-03 23:50:24,r.silva
1079,Waiting for Test,In Test,07/10/2025 00:27,j.tan
1079,In Test,Done,2025-10-07 03:53:21,j.tan
1079,Done,Released,2025-10-16 09:00:00,r.silva
1080,,Backlog,2025-09-29 03:46:22,m.okafor
1080,Backlog,Waiting for In Progress,2025-10-01 13:15:23,j.tan
1080,Waiting for In Progress,In Progress,2025-10-06 20:03:25,m.okafor
1080,In Progress,Waiting for Test,2025-10-07 03:44:29,r.silva
1080,Waiting for Test,In Test,2025-10-07 18:26:34,m.okafor
1080,In Test,Done,2025-10-08 02:29:20,r.silva
1080,Done,Released,2025-10-16 09:00:00,j.tan
1080,Done,Released,2025-10-16 09:00:00,j.tan
1081,,Backlog,2025-09-30 17:16:28,j.tan
1081,Backlog,Waiting for In Progress,2025-09-30 19:48:29,r.silva
1081,Waiting for In Progress,In Progress,2025-10-06 14:04:50,r.silva
1081,In Progress,Waiting for Test,2025-10-09 08:28:20,m.okafor
1081,Waiting for Test,In Test,13/10/2025 14:10,m.okafor
1081,In Test,Done,2025-10-13 20:34:37,m.okafor
1081,Done,Released,2025-10-16 09:00:00,j.tan
1082,,Backlog,30/09/2025 19:33,l.moreau
1082,Backlog,Waiting for In Progress,2025-10-01 00:19:11,d.byrne
1082,Waiting for In Progress,In Progress,06/10/2025 03:03,l.moreau
1082,In Progress,Waiting for Test,2025-10-07 13:10:29,d.byrne
1082,Waiting for Test,In Test,2025-10-08 12:24:14,l.moreau
1082,In Test,Done,2025-10-08 20:56:05,l.moreau
1082,Done,Released,2025-10-16 09:00:00,d.byrne
1083,,Backlog,2025-09-30 04:07:13,d.byrne
1083,Backlog,Waiting for In Progress,2025-10-01 16:58:38,d.byrne
1083,Waiting for In Progress,In Progress,2025-10-06 13:04:04,d.byrne
1083,In Progress,Waiting for Test,2025-10-07 05:31:52,d.byrne
1083,Waiting for Test,In Test,2025-10-09 10:40:07,d.byrne
1083,In Test,Done,2025-10-09 15:34:56,d.byrne
1083,Done,Released,2025-10-16 09:00:00,l.moreau
1084,,Backlog,2025-09-26 13:30:15,d.byrne
1084,Backlog,Waiting for In Progress,2025-09-29 23:02:14,d.byrne
1084,Waiting for In Progress,In Progress,2025-10-02 11:54:13,d.byrne
1084,In Progress,Waiting for Test,2025-10-03 15:45:19,d.byrne
1084,Waiting for Test,In Test,2025-10-06 13:17:02,l.moreau
1084,In Test,Done,2025-10-06 15:43:30,d.byrne
1084,Done,Released,2025-10-16 09:00:00,l.moreau
1085,,Backlog,2025-09-29 19:19:49,l.moreau
1085,Backlog,Waiting for In Progress,2025-10-02 05:20:13,d.byrne
1085,In Progress,Waiting for Test,2025-10-03 09:21:45,d.byrne
1085,Waiting for Test,In Test,2025-10-06 06:48:00,l.moreau
1085,In Test,Done,2025-10-06 17:04:09,d.byrne
1085,Done,Released,2025-10-16 09:00:00,d.byrne
1086,,Backlog,2025-09-29 09:35:01,d.byrne
1086,Backlog,Waiting for In Progress,2025-10-01 14:56:35,d.byrne
1086,Waiting for In Progress,In Progress,2025-10-06 09:59:31,l.moreau
1086,In Progress,Waiting for Test,2025-10-07 20:16:00,l.moreau
1086,Waiting for Test,In Test,2025-10-09 21:41:07,l.moreau
1086,In Test,Done,2025-10-10 05:56:50,l.moreau
1086,Done,Released,2025-10-16 09:00:00,l.moreau
1087,,Backlog,2025-09-30 13:07:38,l.moreau
1087,Backlog,Waiting for In Progress,2025-10-03 12:31:02,l.moreau
1087,Waiting for In Progress,In Progress,2025-10-06 14:11:00,l.moreau
1087,In Progress,Waiting for Test,2025-10-06 20:38:38,d.byrne
1087,Waiting for Test,In Test,2025-10-07 21:21:19,d.byrne
1087,In Test,Done,08/10/2025 02:10,l.moreau
1087,Done,Released,2025-10-16 09:00:00,l.moreau
1088,,Backlog,2025-09-26 13:48:05,d.byrne
1088,Backlog,Waiting for In Progress,2025-09-30 01:59:32,d.byrne
1088,Waiting for In Progress,In Progress,2025-10-01 18:37:36,l.moreau
1088,In Progress,Waiting for Test,2025-10-02 09:11:54,d.byrne
1088,Waiting for Test,In Test,2025-10-06 14:48:25,l.moreau
1088,In Test,Done,2025-10-06 17:19:27,d.byrne
1088,Done,Released,2025-10-16 09:00:00,d.byrne
1089,,Backlog,2025-09-29 23:26:18,l.moreau
1089,Backlog,Waiting for In Progress,2025-10-02 18:08:46,l.moreau
1089,Waiting for In Progress,In Progress,2025-10-07 12:41:20,l.moreau
1089,In Progress,Waiting for Test,2025-10-07 15:36:45,d.byrne
1089,Waiting for Test,In Test,2025-10-09 12:16:31,d.byrne
1089,In Test,Done,2025-10-09 23:31:51,d.byrne
1089,Done,Released,2025-10-16 09:00:00,d.byrne
1090,,Backlog,2025-09-30 01:29:28,p.nair
1090,Backlog,Waiting for In Progress,02/10/2025 01:25,a.kowalski
1090,Waiting for In Progress,In Progress,06/10/2025 14:45,s.rossi
1090,In Progress,Waiting for Test,2025-10-06 23:17:30,s.rossi
1090,Waiting for Test,In Test,2025-10-09 06:32:22,a.kowalski
1090,In Test,Done,2025-10-10 03:06:16,s.rossi
1090,Done,Released,2025-10-16 09:00:00,p.nair
1091,,Backlog,2025-10-01 11:16:27,a.kowalski
1091,Backlog,Waiting for In Progress,2025-10-06 03:38:20,s.rossi
1091,Waiting for In Progress,In Progress,07/10/2025 22:56,a.kowalski
1091,In Progress,Waiting for Test,2025-10-08 10:47:23,a.kowalski
1091,Waiting for Test,In Test,2025-10-10 09:03:29,s.rossi
1091,In Test,Done,2025-10-10 12:34:22,a.kowalski
1091,Done,Released,2025-10-16 09:00:00,s.rossi
1092,,Backlog,2025-09-30 12:06:53,p.nair
1092,Backlog,Waiting for In Progress,30/09/2025 14:48,s.rossi
1092,Waiting for In Progress,In Progress,2025-10-03 04:06:32,s.rossi
1092,In Progress,Waiting for Test,2025-10-03 16:03:30,s.rossi
1092,Waiting for Test,In Test,2025-10-06 22:07:41,s.rossi
1092,In Test,Done,2025-10-07 01:47:37,p.nair
1092,Done,Released,2025-10-16 09:00:00,a.kowalski
1093,,Backlog,2025-10-01 20:36:41,p.nair
1093,Backlog,Waiting for In Progress,2025-10-02 05:28:33,p.nair
1093,Waiting for In Progress,In Progress,2025-10-06 10:29:28,a.kowalski
1093,Waiting for Test,In Test,2025-10-09 10:11:45,s.rossi
1093,In Test,Done,2025-10-10 00:46:00,p.nair
1093,Done,Released,2025-10-16 09:00:00,a.kowalski
1094,,Backlog,2025-09-29 22:07:07,p.nair
1094,Backlog,Waiting for In Progress,2025-09-30 19:49:33,s.rossi
1094,Waiting for In Progress,In Progress,2025-10-01 04:16:47,a.kowalski
1094,In Progress,Waiting for Test,2025-10-01 08:24:36,a.kowalski
1094,Waiting for Test,In Test,2025-10-03 08:39:35,p.nair
1094,In Test,Done,2025-10-03 11:13:45,s.rossi
1094,Done,Released,2025-10-16 09:00:00,a.kowalski
1095,,Backlog,2025-09-29 09:03:16,s.rossi
1095,Backlog,Waiting for In Progress,2025-10-01 15:56:18,p.nair
1095,Waiting for In Progress,In Progress,2025-10-06 13:02:44,s.rossi
1095,In Progress,Waiting for Test,2025-10-06 20:41:36,p.nair
1095,Waiting for Test,In Test,2025-10-08 01:57:39,s.rossi
1095,In Test,Done,2025-10-08 10:57:20,p.nair
1095,Done,Released,2025-10-16 09:00:00,s.rossi
1096,,Backlog,2025-09-30 02:09:00,p.nair
1096,Backlog,Waiting for In Progress,02/10/2025 05:26,s.rossi
1096,Waiting for In Progress,In Progress,06/10/2025 19:22,a.kowalski
1096,In Progress,Waiting for Test,2025-10-07 00:56:01,p.nair
1096,Waiting for Test,In Test,2025-10-09 21:07:30,p.nair
1096,In Test,Done,10/10/2025 03:12,s.rossi
1096,Done,Released,2025-10-16 09:00:00,a.kowalski
1097,,Backlog,2025-09-30 20:21:25,a.kowalski
1097,Backlog,Waiting for In Progress,2025-10-06 02:05:14,s.rossi
1097,Waiting for In Progress,In Progress,2025-10-10 05:51:50,a.kowalski
1097,In Progress,Waiting for Test,2025-10-10 13:20:31,a.kowalski
1097,Waiting for Test,In Test,2025-10-13 18:23:10,s.rossi
1097,In Test,Done,2025-10-14 04:26:38,s.rossi
1097,Done,Released,2025-10-16 09:00:00,p.nair
1098,,Backlog,2025-09-30 01:33:33,c.mendes
1098,Backlog,Waiting for In Progress,2025-10-02 01:13:21,c.mendes
1098,Waiting for In Progress,In Progress,2025-10-06 07:28:26,c.mendes
1098,In Progress,Waiting for Test,2025-10-07 08:53:33,h.ozturk
1098,Waiting for Test,In Test,2025-10-10 07:38:43,h.ozturk
1098,In Test,Done,2025-10-10 15:53:25,h.ozturk
1098,Done,Released,2025-10-16 09:00:00,c.mendes
1099,,Backlog,2025-09-30 15:02:45,c.mendes
1099,Backlog,Waiting for In Progress,2025-10-03 19:06:14,c.mendes
1099,Waiting for In Progress,In Progress,2025-10-06 12:11:31,c.mendes
1099,In Progress,Waiting for Test,2025-10-06 18:05:43,h.ozturk
1099,Waiting for Test,In Test,2025-10-09 23:08:24,h.ozturk
1099,In Test,Done,2025-10-10 05:17:07,c.mendes
1099,Done,Released,2025-10-16 09:00:00,c.mendes
1100,,Backlog,2025-09-30 07:36:24,c.mendes
1100,Backlog,Waiting for In Progress,2025-10-03 09:45:04,c.mendes
1100,Waiting for In Progress,In Progress,2025-10-07 11:54:23,c.mendes
1100,In Progress,Waiting for Test,2025-10-08 07:12:31,c.mendes
1100,Waiting for Test,In Test,2025-10-09 16:58:49,c.mendes
1100,In Test,Done,2025-10-09 20:44:52,c.mendes
1100,Done,Released,2025-10-16 09:00:00,h.ozturk
1101,,Backlog,2025-09-30 10:05:17,h.ozturk
1101,Backlog,Waiting for In Progress,2025-10-06 03:53:28,c.mendes
1101,Waiting for In Progress,In Progress,2025-10-07 12:44:44,c.mendes
1102,,Backlog,2025-09-29 12:04:22,h.ozturk
1102,Backlog,Waiting for In Progress,2025-10-01 22:45:45,h.ozturk
1102,Waiting for In Progress,In Progress,2025-10-02 10:36:38,h.ozturk
1102,In Progress,Waiting for Test,2025-10-02 16:23:24,h.ozturk
1102,Waiting for Test,In Test,2025-10-06 07:47:28,c.mendes
1102,In Test,Done,2025-10-06 09:35:10,c.mendes
1102,Done,Released,2025-10-16 09:00:00,h.ozturk
1103,,Backlog,2025-09-30 16:30:36,c.mendes
1103,Backlog,Waiting for In Progress,2025-10-03 10:10:27,c.mendes
1103,Waiting for In Progress,In Progress,2025-10-06 12:29:59,h.ozturk
1103,In Progress,Waiting for Test,2025-10-06 23:16:07,h.ozturk
1103,Waiting for Test,In Test,2025-10-08 06:06:36,c.mendes
1103,In Test,Done,2025-10-09 01:52:08,h.ozturk
1103,Done,Released,2025-10-16 09:00:00,c.mendes
1104,,Backlog,2025-09-30 22:32:17,c.mendes
1104,Backlog,Waiting for In Progress,2025-10-06 10:07:31,h.ozturk
1104,Waiting for In Progress,In Progress,2025-10-06 13:55:43,c.mendes
1104,In Progress,Waiting for Test,2025-10-06 21:35:17,c.mendes
1104,Waiting for Test,In Test,2025-10-08 06:01:28,c.mendes
1104,In Test,Done,2025-10-08 14:31:42,c.mendes
1104,Done,Released,2025-10-16 09:00:00,h.ozturk
1105,,Backlog,2025-09-29 10:42:36,c.mendes
1105,Backlog,Waiting for In Progress,2025-10-01 07:50:31,c.mendes
1105,Waiting for In Progress,In Progress,2025-10-06 14:16:41,h.ozturk
1105,In Progress,Waiting for Test,2025-10-07 15:16:14,c.mendes
1105,Waiting for Test,In Test,2025-10-08 18:05:03,h.ozturk
1105,In Test,Done,09/10/2025 07:36,c.mendes
1105,Done,Released,2025-10-16 09:00:00,c.mendes
1106,,Backlog,2025-09-30 16:43:58,c.mendes
1106,Backlog,Waiting for In Progress,2025-10-03 01:36:49,h.ozturk
1106,Waiting for In Progress,In Progress,2025-10-06 12:19:58,h.ozturk
1106,In Progress,Waiting for Test,2025-10-06 18:24:19,c.mendes
1106,Waiting for Test,In Test,2025-10-08 19:42:44,c.mendes
1106,In Test,Done,2025-10-09 09:03:49,h.ozturk
1106,Done,Released,2025-10-16 09:00:00,h.ozturk
1107,,Backlog,2025-09-30 01:28:03,h.ozturk
1107,Backlog,Waiting for In Progress,2025-10-02 13:15:24,h.ozturk
1107,Waiting for In Progress,In Progress,2025-10-03 18:28:18,h.ozturk
1107,In Progress,Waiting for Test,2025-10-06 01:08:23,c.mendes
1107,Waiting for Test,In Test,2025-10-07 10:06:17,c.mendes
1107,In Test,Done,2025-10-08 09:50:01,c.mendes
1107,Done,Released,2025-10-16 09:00:00,c.mendes
1108,,Backlog,2025-09-29 02:09:02,h.ozturk
1108,Backlog,Waiting for In Progress,2025-10-01 01:12:02,h.ozturk
1108,Waiting for In Progress,In Progress,2025-10-03 19:00:55,h.ozturk
1108,In Progress,Waiting for Test,2025-10-03 23:37:37,h.ozturk
1108,Waiting for Test,In Test,2025-10-06 16:04:42,h.ozturk
1108,In Test,Done,2025-10-06 23:03:09,c.mendes
1108,Done,Released,2025-10-16 09:00:00,h.ozturk
1109,,Backlog,2025-10-13 00:23:40,j.tan
1109,Backlog,Waiting for In Progress,2025-10-16 07:32:55,j.tan
1109,Waiting for In Progress,In Progress,2025-10-17 15:18:29,j.tan
1109,In Progress,Waiting for Test,2025-10-17 20:43:09,j.tan
1109,Waiting for Test,In Test,2025-10-20 10:24:14,m.okafor
1109,In Test,Done,2025-10-20 22:07:41,m.okafor
1109,Done,Released,2025-10-30 09:00:00,m.okafor
1110,,Backlog,14/10/2025 17:27,m.okafor
1110,Backlog,Waiting for In Progress,2025-10-20 04:41:23,j.tan
1110,Waiting for In Progress,In Progress,2025-10-21 02:58:05,j.tan
1110,In Progress,Waiting for Test,2025-10-21 08:28:40,r.silva
1110,Waiting for Test,In Test,2025-10-21 21:51:31,j.tan
1110,In Test,Done,22/10/2025 15:58,j.tan
1110,Done,Released,2025-10-30 09:00:00,r.silva
1111,,Backlog,2025-10-14 04:49:36,r.silva
1111,Backlog,Waiting for In Progress,2025-10-14 21:23:51,j.tan
1111,Waiting for In Progress,In Progress,2025-10-17 14:38:17,j.tan
1111,In Progress,Waiting for Test,2025-10-20 22:59:33,j.tan
1111,Waiting for Test,In Test,2025-10-23 07:08:27,j.tan
1111,In Test,Done,2025-10-23 12:42:57,r.silva
1111,Done,Released,2025-10-30 09:00:00,m.okafor
1112,,Backlog,2025-10-14 22:08:25,m.okafor
1112,Backlog,Waiting for In Progress,2025-10-16 23:05:56,j.tan
1112,Waiting for In Progress,In Progress,2025-10-20 18:58:20,r.silva
1112,In Progress,Waiting for Test,2025-10-20 23:52:13,j.tan
1112,Waiting for Test,In Test,2025-10-22 07:43:43,j.tan
1112,In Test,Done,2025-10-22 21:49:54,j.tan
1112,Done,Released,2025-10-30 09:00:00,m.okafor
1113,,Backlog,2025-10-10 10:07:39,j.tan
1113,Backlog,Waiting for In Progress,2025-10-13 10:51:28,j.tan
1113,Waiting for In Progress,In Progress,2025-10-16 08:48:27,r.silva
1113,In Progress,Waiting for Test,2025-10-16 23:11:37,m.okafor
1113,Waiting for Test,In Test,2025-10-17 18:27:16,r.silva
1113,In Test,Done,2025-10-20 04:42:58,m.okafor
1113,Done,Released,2025-10-30 09:00:00,r.silva
1114,,Backlog,2025-10-15 05:40:07,r.silva
1114,Backlog,Waiting for In Progress,2025-10-17 17:27:25,m.okafor
1114,Waiting for In Progress,In Progress,2025-10-22 08:51:18,r.silva
1115,,Backlog,2025-10-14 15:51:10,m.okafor
1115,Backlog,Waiting for In Progress,2025-10-15 13:43:42,m.okafor
1115,Waiting for In Progress,In Progress,2025-10-20 19:01:49,j.tan
1115,In Progress,Waiting for Test,2025-10-21 09:27:15,m.okafor
1115,Waiting for Test,In Test,2025-10-22 11:35:33,j.tan
1115,In Test,Done,2025-10-22 18:21:55,j.tan
1115,Done,Released,2025-10-30 09:00:00,m.okafor
1116,,Backlog,2025-10-13 02:58:32,r.silva
1116,Backlog,Waiting for In Progress,2025-10-14 19:07:58,m.okafor
1116,Waiting for In Progress,In Progress,2025-10-16 11:36:53,j.tan
1116,In Progress,Waiting for Test,2025-10-20 20:27:28,m.okafor
1116,Waiting for Test,In Test,2025-10-22 18:40:20,m.okafor
1116,In Test,Done,2025-10-22 22:34:47,r.silva
1116,Done,In Progress,2025-10-27 09:13:11,m.okafor
1116,In Progress,Waiting for Test,2025-10-28 02:00:56,m.okafor
1116,Waiting for Test,In Test,2025-10-30 02:35:52,j.tan
1116,In Test,Done,2025-10-30 05:29:25,j.tan
1116,Done,Released,2025-10-30 09:00:00,m.okafor
1117,,Backlog,2025-10-15 01:52:39,r.silva
1117,Backlog,Waiting for In Progress,2025-10-15 14:08:41,m.okafor
1117,Waiting for In Progress,In Progress,2025-10-20 11:19:17,j.tan
1117,In Progress,Waiting for Test,2025-10-20 20:41:21,j.tan
1117,Waiting for Test,In Test,2025-10-22 04:39:01,j.tan
1117,In Test,Done,2025-10-22 09:47:24,r.silva
1117,Done,Released,2025-10-30 09:00:00,m.okafor
1118,,Backlog,2025-10-13 08:49:19,r.silva
1118,Backlog,Waiting for In Progress,2025-10-16 04:11:41,m.okafor
1118,Waiting for In Progress,In Progress,2025-10-20 01:20:25,r.silva
1118,In Progress,Waiting for Test,2025-10-20 13:31:57,r.silva
1118,Waiting for Test,In Test,2025-10-21 13:25:35,j.tan
1118,In Test,Done,2025-10-21 17:13:32,j.tan
1118,Done,In Progress,2025-10-27 19:00:36,r.silva
1118,In Progress,Waiting for Test,2025-10-28 06:02:48,j.tan
1118,Waiting for Test,In Test,2025-10-29 18:44:59,m.okafor
1118,In Test,Done,2025-10-30 08:07:31,m.okafor
1118,Done,Released,30/10/2025 09:00,m.okafor
1119,,Backlog,2025-10-14 18:18:01,j.tan
1119,Backlog,Waiting for In Progress,2025-10-20 05:06:17,m.okafor
1119,In Progress,Waiting for Test,2025-10-28 03:07:36,j.tan
1119,Waiting for Test,In Test,2025-10-30 13:56:23,r.silva
1119,In Test,Done,31/10/2025 00:56,m.okafor
1119,Done,Released,2025-11-06 09:00:00,r.silva
1120,,Backlog,2025-10-14 04:55:31,d.byrne
1120,Backlog,Waiting for In Progress,2025-10-14 20:49:43,d.byrne
1120,Waiting for In Progress,In Progress,2025-10-15 19:11:39,d.byrne
1120,In Progress,Waiting for Test,2025-10-16 02:47:18,l.moreau
1120,Waiting for Test,In Test,2025-10-17 21:12:52,l.moreau
1120,In Test,Done,2025-10-17 23:21:12,l.moreau
1120,Done,Released,2025-10-30 09:00:00,l.moreau
1121,,Backlog,2025-10-14 01:47:31,d.byrne
1121,Backlog,Waiting for In Progress,2025-10-17 07:02:27,d.byrne
1121,Waiting for In Progress,In Progress,2025-10-17 17:48:24,l.moreau
1121,In Progress,Waiting for Test,2025-10-20 02:31:55,d.byrne
1121,Waiting for Test,In Test,2025-10-20 12:17:04,d.byrne
1121,In Test,Done,2025-10-20 21:01:18,d.byrne
1121,Done,Released,2025-10-30 09:00:00,d.byrne
1122,,Backlog,2025-10-13 18:56:16,d.byrne
1122,Backlog,Waiting for In Progress,2025-10-14 12:41:36,d.byrne
1122,In Progress,Waiting for Test,2025-10-17 17:16:11,l.moreau
1122,Waiting for Test,In Test,2025-10-20 07:04:51,l.moreau
1122,In Test,Done,2025-10-20 18:52:53,l.moreau
1122,Done,Released,2025-10-30 09:00:00,l.moreau
1122,In Progress,Waiting for Test,2025-10-17 17:16:11,l.moreau
1123,,Backlog,2025-10-10 17:02:17,d.byrne
1123,Backlog,Waiting for In Progress,2025-10-13 02:34:40,l.moreau
1123,Waiting for In Progress,In Progress,2025-10-16 22:54:30,d.byrne
1123,In Progress,Waiting for Test,2025-10-17 04:50:48,d.byrne
1123,Waiting for Test,In Test,2025-10-17 23:31:04,l.moreau
1123,In Test,Done,2025-10-20 10:09:38,l.moreau
1123,Done,Released,2025-10-30 09:00:00,d.byrne
1124,,Backlog,2025-10-13 04:59:44,l.moreau
1124,Backlog,Waiting for In Progress,2025-10-14 17:07:18,l.moreau
1124,Waiting for In Progress,In Progress,2025-10-17 18:37:27,d.byrne
1124,In Progress,Waiting for Test,2025-10-20 00:59:47,l.moreau
1124,Waiting for Test,In Test,2025-10-21 01:19:05,d.byrne
1124,In Test,Done,21/10/2025 18:02,l.moreau
1124,Done,Released,2025-10-30 09:00:00,d.byrne
1125,,Backlog,2025-10-13 16:10:44,l.moreau
1125,Backlog,Waiting for In Progress,2025-10-16 05:27:07,l.moreau
1125,Waiting for In Progress,In Progress,2025-10-16 11:07:17,l.moreau
1125,In Progress,Waiting for Test,2025-10-16 15:31:55,d.byrne
1125,Waiting for Test,In Test,2025-10-16 19:16:12,d.byrne
1125,In Test,Done,2025-10-17 01:02:44,d.byrne
1125,Done,Released,2025-10-30 09:00:00,l.moreau
1125,,Backlog,2025-10-13 16:10:44,l.moreau
1126,,Backlog,2025-10-13 17:12:45,l.moreau
1126,Backlog,Waiting for In Progress,2025-10-14 12:18:31,d.byrne
1127,,Backlog,2025-10-14 04:20:03,d.byrne
1127,Backlog,Waiting for In Progress,2025-10-15 19:53:54,d.byrne
1127,Waiting for In Progress,In Progress,2025-10-20 17:37:22,l.moreau
1127,In Progress,Waiting for Test,2025-10-20 20:07:09,d.byrne
1127,Waiting for Test,In Test,2025-10-22 12:27:51,d.byrne
1127,In Test,Done,2025-10-22 18:23:44,l.moreau
1127,Done,Released,2025-10-30 09:00:00,d.byrne
1128,,Backlog,10/10/2025 06:40,l.moreau
1128,Backlog,Waiting for In Progress,2025-10-10 14:06:00,l.moreau
1128,Waiting for In Progress,In Progress,2025-10-13 04:50:30,l.moreau
1128,In Progress,Waiting for Test,2025-10-13 09:20:55,d.byrne
1128,Waiting for Test,In Test,15/10/2025 05:34,d.byrne
1128,In Test,Done,2025-10-15 14:41:13,d.byrne
1128,Done,Released,2025-10-16 09:00:00,l.moreau
1129,,Backlog,2025-10-10 23:00:59,d.byrne
1129,Backlog,Waiting for In Progress,2025-10-13 13:10:51,l.moreau
1129,Waiting for In Progress,In Progress,2025-10-15 05:30:20,d.byrne
1129,In Progress,Waiting for Test,2025-10-15 13:47:45,d.byrne
1129,Waiting for Test,In Test,2025-10-15 21:16:36,d.byrne
1129,In Test,Done,2025-10-16 03:43:06,l.moreau
1129,Done,Released,2025-10-16 09:00:00,l.moreau
1130,,Backlog,2025-10-14 04:12:48,l.moreau
1130,Backlog,Waiting for In Progress,2025-10-15 10:49:07,l.moreau
1130,Waiting for In Progress,In Progress,20/10/2025 03:33,d.byrne
1130,In Progress,Waiting for Test,2025-10-21 02:49:59,l.moreau
1130,Waiting for Test,In Test,2025-10-22 23:01:27,l.moreau
1130,In Test,Done,2025-10-23 05:10:40,l.moreau
1130,Done,Released,2025-10-30 09:00:00,d.byrne
1131,,Backlog,13/10/2025 22:02,s.rossi
1131,Backlog,Waiting for In Progress,2025-10-15 10:15:17,s.rossi
1131,Waiting for In Progress,In Progress,2025-10-17 00:39:42,s.rossi
1131,In Progress,Waiting for Test,2025-10-17 12:21:18,s.rossi
1131,Waiting for Test,In Test,2025-10-20 03:34:31,p.nair
1131,In Test,Done,2025-10-20 09:18:04,a.kowalski
1131,Done,Released,2025-10-30 09:00:00,a.kowalski
1132,,Backlog,2025-10-15 18:35:12,a.kowalski
1132,Backlog,Waiting for In Progress,20/10/2025 01:50,s.rossi
1132,Waiting for In Progress,In Progress,2025-10-22 11:47:49,p.nair
1132,In Progress,Waiting for Test,2025-10-23 02:30:10,s.rossi
1132,Waiting for Test,In Test,2025-10-27 01:18:45,p.nair
1132,In Test,Done,2025-10-27 09:37:12,p.nair
1132,In Progress,Waiting for Test,2025-10-28 09:19:35,s.rossi
1132,Waiting for Test,In Test,2025-10-29 06:06:01,a.kowalski
1132,In Test,Done,2025-10-29 09:51:42,a.kowalski
1132,Done,Released,2025-10-30 09:00:00,s.rossi
1133,,Backlog,2025-10-10 20:00:56,p.nair
1133,Backlog,Waiting for In Progress,2025-10-13 18:19:06,p.nair
1133,Waiting for In Progress,In Progress,2025-10-20 01:43:25,p.nair
1133,In Progress,Waiting for Test,2025-10-20 15:49:39,p.nair
1133,Waiting for Test,In Test,2025-10-21 05:38:39,s.rossi
1133,In Test,Done,2025-10-21 14:01:48,a.kowalski
1133,Done,Released,2025-10-30 09:00:00,p.nair
1134,,Backlog,2025-10-10 21:51:39,s.rossi
1134,Backlog,Waiting for In Progress,2025-10-13 16:10:48,p.nair
1134,In Progress,Waiting for Test,2025-10-15 15:22:43,p.nair
1134,Waiting for Test,In Test,2025-10-16 15:48:20,p.nair
1134,In Test,Done,2025-10-17 10:07:21,a.kowalski
1134,Done,Released,2025-10-30 09:00:00,a.kowalski
1135,,Backlog,2025-10-13 16:11:33,p.nair
1135,Backlog,Waiting for In Progress,2025-10-17 00:04:55,a.kowalski
1135,Waiting for In Progress,In Progress,2025-10-20 20:21:54,a.kowalski
1135,In Progress,Waiting for Test,2025-10-21 21:50:46,p.nair
1135,Waiting for Test,In Test,2025-10-24 23:51:54,p.nair
1135,In Test,Done,2025-10-27 09:33:27,p.nair
1135,Done,Released,2025-10-30 09:00:00,a.kowalski
1136,,Backlog,2025-10-13 02:29:24,c.mendes
1136,Backlog,Waiting for In Progress,2025-10-15 17:22:33,c.mendes
1136,Waiting for In Progress,In Progress,2025-10-17 02:40:46,c.mendes
1136,In Progress,Waiting for Test,2025-10-20 00:00:58,h.ozturk
1136,Waiting for Test,In Test,2025-10-21 14:26:43,h.ozturk
1136,In Test,Done,21/10/2025 20:09,c.mendes
1136,Done,Released,2025-10-30 09:00:00,h.ozturk
1137,,Backlog,2025-10-14 12:45:33,h.ozturk
1137,Backlog,Waiting for In Progress,2025-10-15 07:06:12,h.ozturk
1137,Waiting for In Progress,In Progress,2025-10-20 08:13:11,h.ozturk
1137,In Progress,Waiting for Test,2025-10-20 23:28:11,c.mendes
1137,Waiting for Test,In Test,2025-10-23 17:59:03,h.ozturk
1137,In Test,Done,2025-10-23 22:02:37,h.ozturk
1137,Done,Released,2025-10-30 09:00:00,c.mendes
1138,,Backlog,2025-10-13 09:57:55,h.ozturk
1138,Backlog,Waiting for In Progress,2025-10-17 00:19:02,h.ozturk
1138,Waiting for In Progress,In Progress,2025-10-17 09:05:51,h.ozturk
1138,In Progress,Waiting for Test,2025-10-17 23:58:04,c.mendes
1138,Waiting for Test,In Test,2025-10-20 18:31:00,c.mendes
1138,In Test,Done,2025-10-20 22:28:52,c.mendes
1138,Done,Released,2025-10-30 09:00:00,c.mendes
1139,,Backlog,2025-10-10 08:51:22,h.ozturk
1139,Backlog,Waiting for In Progress,2025-10-10 13:51:52,h.ozturk
1139,Waiting for In Progress,In Progress,2025-10-14 22:13:43,c.mendes
1139,In Progress,Waiting for Test,2025-10-15 13:41:33,h.ozturk
1139,Waiting for Test,In Test,17/10/2025 15:25,c.mendes
1139,In Test,Done,2025-10-20 02:34:45,c.mendes
1139,Done,Released,2025-10-30 09:00:00,c.mendes
1140,,Backlog,2025-10-13 16:25:16,c.mendes
1140,Backlog,Waiting for In Progress,2025-10-16 03:03:22,c.mendes
1140,Waiting for In Progress,In Progress,2025-10-20 17:52:59,h.ozturk
1140,In Progress,Waiting for Test,2025-10-21 02:20:16,h.ozturk
1140,Waiting for Test,In Test,23/10/2025 13:01,h.ozturk
1140,In Test,Done,2025-10-23 15:29:06,c.mendes
1140,Done,Released,2025-10-30 09:00:00,h.ozturk
1141,,Backlog,2025-10-15 17:40:49,h.ozturk
1141,Backlog,Waiting for In Progress,2025-10-20 10:02:50,c.mendes
1141,Waiting for In Progress,In Progress,2025-10-24 16:07:37,h.ozturk
1141,In Progress,Waiting for Test,2025-10-27 00:16:16,c.mendes
1141,Waiting for Test,In Test,2025-10-28 15:01:12,h.ozturk
1141,In Test,Done,2025-10-29 04:08:27,c.mendes
1141,Done,Released,30/10/2025 09:00,h.ozturk
1142,,Backlog,2025-10-13 13:02:41,h.ozturk
1142,Backlog,Waiting for In Progress,2025-10-15 18:24:37,h.ozturk
1142,Waiting for In Progress,In Progress,2025-10-20 04:50:14,h.ozturk
1142,In Progress,Waiting for Test,2025-10-20 12:34:10,c.mendes
1142,Waiting for Test,In Test,2025-10-23 16:03:10,c.mendes
1142,In Test,Done,2025-10-23 21:32:52,h.ozturk
1142,Done,Released,2025-10-30 09:00:00,c.mendes
1143,,Backlog,2025-10-10 07:19:03,c.mendes
1143,Backlog,Waiting for In Progress,2025-10-13 14:41:19,h.ozturk
1143,Waiting for In Progress,In Progress,2025-10-15 22:59:42,c.mendes
1143,In Progress,Waiting for Test,2025-10-17 15:30:22,c.mendes
1143,Waiting for Test,In Test,2025-10-20 23:50:33,c.mendes
1143,In Test,Done,2025-10-21 06:43:28,c.mendes
1143,Done,Released,2025-10-30 09:00:00,c.mendes
1144,,Backlog,2025-10-14 17:44:46,c.mendes
1144,Backlog,Waiting for In Progress,16/10/2025 16:47,h.ozturk
1144,Waiting for In Progress,In Progress,2025-10-20 05:13:41,c.mendes
1144,In Progress,Waiting for Test,2025-10-20 15:33:40,h.ozturk
1144,Waiting for Test,In Test,2025-10-20 22:29:04,c.mendes
1144,In Test,Done,2025-10-21 04:52:48,c.mendes
1144,Done,Released,2025-10-30 09:00:00,h.ozturk
1145,,Backlog,2025-10-10 04:06:56,h.ozturk
1145,Backlog,Waiting for In Progress,2025-10-13 22:14:45,c.mendes
1145,Waiting for In Progress,In Progress,2025-10-14 15:46:26,h.ozturk
1145,In Progress,Waiting for Test,2025-10-15 02:39:07,c.mendes
1145,Waiting for Test,In Test,2025-10-17 22:51:21,c.mendes
1145,In Test,Done,2025-10-20 01:27:57,c.mendes
1145,Done,Released,2025-10-30 09:00:00,c.mendes
1146,,Backlog,2025-10-14 05:32:28,c.mendes
1146,Backlog,Waiting for In Progress,2025-10-17 09:20:31,c.mendes
1146,Waiting for In Progress,In Progress,2025-10-20 20:13:01,h.ozturk
1146,In Progress,Waiting for Test,2025-10-23 03:34:45,c.mendes
1146,Waiting for Test,In Test,2025-10-24 00:15:04,c.mendes
1146,In Test,Done,2025-10-24 06:46:00,c.mendes
1146,Done,Released,2025-10-30 09:00:00,h.ozturk
1147,,Backlog,2025-10-24 17:03:22,r.silva
1147,Backlog,Waiting for In Progress,2025-10-27 18:12:24,r.silva
1147,Waiting for In Progress,In Progress,2025-10-30 22:23:39,j.tan
1148,,Backlog,2025-10-24 11:03:51,r.silva
1148,Backlog,Waiting for In Progress,2025-10-24 19:38:21,m.okafor
1148,Waiting for In Progress,In Progress,2025-10-28 16:32:55,m.okafor
1148,In Progress,Waiting for Test,2025-10-29 23:06:30,j.tan
1148,Waiting for Test,In Test,2025-11-03 08:38:21,r.silva
1148,In Test,Done,2025-11-03 17:54:07,m.okafor
1148,Done,Released,2025-11-06 09:00:00,j.tan
1149,,Backlog,2025-10-29 08:53:40,r.silva
1149,Backlog,Waiting for In Progress,2025-11-03 13:47:37,m.okafor
1149,Waiting for In Progress,In Progress,2025-11-06 17:48:23,m.okafor
1149,In Progress,Waiting for Test,2025-11-10 01:10:01,r.silva
1149,Waiting for Test,In Test,2025-11-10 07:16:42,r.silva
1149,In Test,Done,2025-11-10 12:36:02,m.okafor
1149,Done,Released,2025-11-16 09:00:00,m.okafor
1150,,Backlog,2025-10-28 16:17:45,m.okafor
1150,Backlog,Waiting for In Progress,2025-10-29 00:41:30,m.okafor
1150,Waiting for In Progress,In Progress,2025-11-03 08:42:47,r.silva
1150,In Progress,Waiting for Test,2025-11-03 14:23:51,j.tan
1150,Waiting for Test,In Test,2025-11-04 21:55:23,j.tan
1150,In Test,Done,2025-11-05 07:43:15,m.okafor
1150,Done,Released,2025-11-06 09:00:00,r.silva
1151,,Backlog,2025-10-27 17:14:54,r.silva
1151,Backlog,Waiting for In Progress,2025-10-29 12:11:00,m.okafor
1151,Waiting for In Progress,In Progress,2025-11-03 03:14:59,m.okafor
1151,In Progress,Waiting for Test,2025-11-03 05:56:33,r.silva
1151,Waiting for Test,In Test,2025-11-03 21:40:14,j.tan
1151,In Test,Done,2025-11-04 01:17:43,r.silva
1151,Done,Released,2025-11-06 09:00:00,m.okafor
1152,,Backlog,2025-10-28 00:21:58,r.silva
1152,Backlog,Waiting for In Progress,2025-10-28 13:42:03,m.okafor
1152,Waiting for In Progress,In Progress,2025-11-03 07:29:48,r.silva
1152,In Progress,Waiting for Test,2025-11-03 16:24:02,m.okafor
1152,Waiting for Test,In Test,2025-11-05 06:07:01,m.okafor
1152,In Test,Done,2025-11-05 19:03:25,r.silva
1152,Done,Released,2025-11-06 09:00:00,j.tan
1153,,Backlog,2025-10-27 02:38:33,m.okafor
1153,Backlog,Waiting for In Progress,2025-10-28 00:47:20,m.okafor
1153,Waiting for In Progress,In Progress,2025-11-03 00:02:43,j.tan
1153,In Progress,Waiting for Test,2025-11-04 01:29:37,m.okafor
1153,Waiting for Test,In Test,2025-11-06 03:59:49,j.tan
1153,In Test,Done,2025-11-06 11:05:41,r.silva
1153,Done,Released,2025-11-16 09:00:00,j.tan
1154,,Backlog,2025-10-28 15:12:18,m.okafor
1154,Backlog,Waiting for In Progress,03/11/2025 04:08,r.silva
1154,Waiting for In Progress,In Progress,2025-11-04 13:45:16,r.silva
1154,In Progress,Waiting for Test,2025-11-07 10:41:23,m.okafor
1154,Waiting for Test,In Test,2025-11-10 05:47:50,j.tan
1154,In Test,Done,2025-11-10 08:01:59,m.okafor
1154,Done,Released,2025-11-16 09:00:00,j.tan
1155,,Backlog,2025-10-28 12:50:43,m.okafor
1155,Backlog,Waiting for In Progress,2025-10-30 13:23:32,r.silva
1155,Waiting for In Progress,In Progress,2025-11-03 13:47:41,m.okafor
1155,In Progress,Waiting for Test,2025-11-04 02:20:49,r.silva
1156,,Backlog,2025-10-28 19:27:46,j.tan
1156,Backlog,Waiting for In Progress,2025-10-30 19:31:23,j.tan
1156,Waiting for In Progress,In Progress,2025-11-03 21:57:04,r.silva
1156,In Progress,Waiting for Test,2025-11-04 14:06:55,j.tan
1156,Waiting for Test,In Test,2025-11-04 17:42:48,m.okafor
1156,In Test,Done,2025-11-05 01:44:14,j.tan
1156,Done,In Progress,2025-11-06 06:31:18,j.tan
1156,In Progress,Waiting for Test,2025-11-06 14:31:51,j.tan
1156,Waiting for Test,In Test,2025-11-07 10:11:28,j.tan
1156,In Test,Done,2025-11-07 15:03:05,m.okafor
1156,Done,Released,16/11/2025 09:00,r.silva
1157,,Backlog,2025-10-27 21:17:00,j.tan
1157,Backlog,Waiting for In Progress,29/10/2025 11:05,j.tan
1157,Waiting for In Progress,In Progress,2025-10-29 19:26:36,j.tan
1157,In Progress,Waiting for Test,2025-10-30 21:20:11,j.tan
1157,Waiting for Test,In Test,2025-11-03 02:24:54,r.silva
1157,In Test,Done,2025-11-03 07:20:37,j.tan
1157,Done,Released,2025-11-06 09:00:00,j.tan
1158,,Backlog,2025-10-28 10:23:40,r.silva
1158,Backlog,Waiting for In Progress,31/10/2025 22:36,r.silva
1158,Waiting for In Progress,In Progress,2025-11-05 02:05:30,r.silva
1158,In Progress,Waiting for Test,2025-11-05 07:12:23,j.tan
1158,In Test,Done,2025-11-06 12:08:50,j.tan
1158,Done,Released,2025-11-16 09:00:00,r.silva
1159,,Backlog,2025-10-24 13:19:49,l.moreau
1159,Backlog,Waiting for In Progress,2025-10-27 16:16:29,l.moreau
1160,,Backlog,2025-10-24 12:19:01,d.byrne
1160,Backlog,Waiting for In Progress,2025-10-27 11:27:05,l.moreau
1160,Waiting for In Progress,In Progress,2025-10-29 17:13:46,d.byrne
1161,,Backlog,28/10/2025 11:13,d.byrne
1161,Backlog,Waiting for In Progress,2025-10-30 16:21:03,d.byrne
1161,Waiting for In Progress,In Progress,2025-10-31 21:04:37,d.byrne
1161,In Progress,Waiting for Test,2025-11-03 05:37:29,l.moreau
1161,Waiting for Test,In Test,2025-11-03 11:52:33,d.byrne
1161,In Test,Done,2025-11-03 19:25:08,d.byrne
1161,Done,Released,2025-11-06 09:00:00,l.moreau
1162,,Backlog,2025-10-27 21:47:16,l.moreau
1162,Backlog,Waiting for In Progress,2025-10-30 20:43:11,d.byrne
1162,Waiting for In Progress,In Progress,2025-11-03 09:06:53,l.moreau
1162,In Progress,Waiting for Test,2025-11-04 17:00:07,d.byrne
1162,Waiting for Test,In Test,2025-11-06 01:39:21,l.moreau
1162,In Test,Done,2025-11-06 10:13:45,l.moreau
1162,Done,Released,2025-11-16 09:00:00,d.byrne
1163,,Backlog,27/10/2025 07:58,d.byrne
1163,Backlog,Waiting for In Progress,2025-10-27 23:35:48,l.moreau
1163,Waiting for In Progress,In Progress,2025-11-03 08:00:16,l.moreau
1163,In Progress,Waiting for Test,2025-11-03 14:59:51,l.moreau
1163,Waiting for Test,In Test,2025-11-06 09:42:39,l.moreau
1163,In Test,Done,2025-11-06 16:18:26,d.byrne
1163,Done,Released,2025-11-16 09:00:00,d.byrne
1164,,Backlog,28/10/2025 17:05,l.moreau
1164,Backlog,Waiting for In Progress,2025-10-30 05:16:18,l.moreau
1164,Waiting for In Progress,In Progress,2025-11-03 03:07:50,l.moreau
1164,In Progress,Waiting for Test,04/11/2025 21:19,l.moreau
1164,Waiting for Test,In Test,2025-11-10 01:26:22,l.moreau
1164,In Test,Done,2025-11-10 06:37:48,d.byrne
1164,Done,Released,2025-11-16 09:00:00,d.byrne
1165,,Backlog,2025-10-27 16:21:17,d.byrne
1165,Backlog,Waiting for In Progress,2025-10-30 21:57:09,l.moreau
1165,Waiting for In Progress,In Progress,2025-11-03 17:56:39,l.moreau
1165,In Progress,Waiting for Test,2025-11-04 00:10:31,d.byrne
1165,Waiting for Test,In Test,2025-11-07 01:53:13,d.byrne
1165,In Test,Done,2025-11-07 19:05:19,d.byrne
1165,Done,Released,2025-11-16 09:00:00,d.byrne
1166,,Backlog,2025-10-28 13:04:16,l.moreau
1166,Backlog,Waiting for In Progress,2025-10-31 18:28:46,d.byrne
1166,Waiting for In Progress,In Progress,2025-11-03 01:16:13,d.byrne
1166,In Progress,Waiting for Test,2025-11-03 06:15:03,d.byrne
1166,Waiting for Test,In Test,2025-11-05 12:08:55,d.byrne
1166,In Test,Done,2025-11-06 10:45:52,l.moreau
1166,Done,Released,2025-11-16 09:00:00,l.moreau
1167,,Backlog,2025-10-28 10:23:49,l.moreau
1167,Backlog,Waiting for In Progress,2025-10-30 18:00:50,l.moreau
1167,Waiting for In Progress,In Progress,2025-11-03 00:49:44,l.moreau
1167,In Progress,Waiting for Test,03/11/2025 16:26,l.moreau
1167,Waiting for Test,In Test,2025-11-05 16:24:05,d.byrne
1167,In Test,Done,2025-11-06 14:55:56,d.byrne
1167,Done,Released,2025-11-16 09:00:00,l.moreau
1167,In Progress,Waiting for Test,03/11/2025 16:26,l.moreau
1168,,Backlog,2025-10-27 14:07:47,l.moreau
1168,Backlog,Waiting for In Progress,2025-10-29 18:24:43,l.moreau
1169,,Backlog,2025-10-27 23:17:39,d.byrne
1169,Backlog,Waiting for In Progress,2025-10-29 15:28:10,l.moreau
1169,Waiting for In Progress,In Progress,2025-11-03 12:47:54,l.moreau
1169,In Progress,Waiting for Test,2025-11-03 21:08:37,l.moreau
1169,Waiting for Test,In Test,2025-11-07 04:35:21,d.byrne
1169,In Test,Done,2025-11-07 17:03:37,l.moreau
1169,Done,Released,2025-11-16 09:00:00,l.moreau
1170,,Backlog,2025-10-27 19:17:41,l.moreau
1170,Backlog,Waiting for In Progress,2025-10-31 02:20:11,l.moreau
1170,Waiting for In Progress,In Progress,2025-11-04 01:50:46,d.byrne
1170,In Progress,Waiting for Test,2025-11-04 06:42:36,l.moreau
1170,Waiting for Test,In Test,2025-11-05 21:14:20,d.byrne
1170,In Test,Done,2025-11-05 22:53:41,d.byrne
1170,Done,Released,2025-11-06 09:00:00,d.byrne
1171,,Backlog,2025-10-27 19:55:52,a.kowalski
1171,Backlog,Waiting for In Progress,2025-10-28 05:01:07,s.rossi
1171,Waiting for In Progress,In Progress,2025-10-31 10:33:13,s.rossi
1172,,Backlog,2025-10-24 23:28:35,p.nair
1172,Backlog,Waiting for In Progress,2025-10-27 15:47:36,p.nair
1172,Waiting for In Progress,In Progress,2025-10-31 06:22:07,s.rossi
1172,In Progress,Waiting for Test,2025-11-03 07:55:06,s.rossi
1172,Waiting for Test,In Test,2025-11-06 08:58:05,s.rossi
1172,In Test,Done,2025-11-06 15:11:50,p.nair
1172,Done,Released,2025-11-16 09:00:00,p.nair
1173,,Backlog,24/10/2025 19:37,p.nair
1173,Backlog,Waiting for In Progress,2025-10-27 06:46:07,s.rossi
1173,Waiting for In Progress,In Progress,2025-10-31 22:24:07,s.rossi
1173,In Progress,Waiting for Test,2025-11-03 07:11:39,p.nair
1173,Waiting for Test,In Test,2025-11-05 21:24:51,s.rossi
1173,In Test,Done,2025-11-06 01:52:57,s.rossi
1173,Done,Released,2025-11-06 09:00:00,a.kowalski
1174,,Backlog,2025-10-24 18:42:39,p.nair
1174,Backlog,Waiting for In Progress,2025-10-27 16:28:27,p.nair
1174,Waiting for In Progress,In Progress,2025-10-31 23:43:33,p.nair
1174,In Progress,Waiting for Test,2025-11-03 04:43:23,a.kowalski
1174,Waiting for Test,In Test,2025-11-03 06:14:50,p.nair
1174,In Test,Done,2025-11-03 10:47:49,s.rossi
1174,Done,Released,2025-11-06 09:00:00,s.rossi
1175,,Backlog,2025-10-28 18:55:17,s.rossi
1175,Backlog,Waiting for In Progress,2025-10-30 22:53:49,a.kowalski
1175,Waiting for In Progress,In Progress,2025-10-31 17:56:06,p.nair
1175,In Progress,Waiting for Test,2025-11-03 01:11:48,p.nair
1175,Waiting for Test,In Test,2025-11-06 05:37:21,s.rossi
1175,In Test,Done,2025-11-06 09:32:56,p.nair
1175,Done,Released,2025-11-16 09:00:00,p.nair
1176,,Backlog,2025-10-27 19:32:41,a.kowalski
1176,Backlog,Waiting for In Progress,2025-10-29 15:24:49,a.kowalski
1176,Waiting for In Progress,In Progress,2025-11-03 00:47:19,a.kowalski
1176,In Progress,Waiting for Test,2025-11-04 05:25:21,p.nair
1176,Waiting for Test,In Test,2025-11-05 01:34:40,s.rossi
1176,In Test,Done,2025-11-05 16:28:01,a.kowalski
1176,Done,Released,2025-11-06 09:00:00,s.rossi
1177,,Backlog,2025-10-28 20:58:26,s.rossi
1177,Backlog,Waiting for In Progress,2025-11-03 09:55:35,s.rossi
1177,Waiting for In Progress,In Progress,2025-11-04 16:38:03,s.rossi
1177,In Progress,Waiting for Test,2025-11-05 01:04:23,a.kowalski
1177,Waiting for Test,In Test,2025-11-06 20:11:28,p.nair
1177,In Test,Done,2025-11-07 08:57:24,s.rossi
1177,Done,Released,2025-11-16 09:00:00,a.kowalski
1178,,Backlog,2025-10-24 07:55:51,h.ozturk
1178,Backlog,Waiting for In Progress,2025-10-27 22:34:10,c.mendes
1179,,Backlog,2025-10-28 23:41:18,h.ozturk
1179,Backlog,Waiting for In Progress,2025-11-03 11:29:32,h.ozturk
1179,Waiting for In Progress,In Progress,2025-11-06 12:36:56,h.ozturk
1179,In Progress,Waiting for Test,2025-11-07 12:05:52,h.ozturk
1179,Waiting for Test,In Test,2025-11-10 02:51:39,c.mendes
1179,In Test,Done,2025-11-10 07:43:09,c.mendes
1179,Done,Released,2025-11-16 09:00:00,h.ozturk
1180,,Backlog,2025-10-29 03:10:34,h.ozturk
1180,Backlog,Waiting for In Progress,03/11/2025 12:32,h.ozturk
1180,Waiting for In Progress,In Progress,2025-11-05 04:17:28,h.ozturk
1180,In Progress,Waiting for Test,2025-11-05 19:47:28,h.ozturk
1181,,Backlog,2025-10-24 21:51:11,h.ozturk
1181,Backlog,Waiting for In Progress,2025-10-27 03:25:43,c.mendes
1181,Waiting for In Progress,In Progress,2025-10-31 22:08:52,c.mendes
1181,In Progress,Waiting for Test,2025-11-03 16:52:14,h.ozturk
1181,Waiting for Test,In Test,2025-11-06 16:17:30,c.mendes
1181,In Test,Done,2025-11-06 20:39:38,c.mendes
1181,Done,Released,2025-11-16 09:00:00,c.mendes
1182,,Backlog,2025-10-27 19:00:42,h.ozturk
1182,Backlog,Waiting for In Progress,2025-10-30 04:19:06,h.ozturk
1182,Waiting for In Progress,In Progress,2025-11-03 10:49:59,h.ozturk
1182,In Progress,Waiting for Test,2025-11-03 15:51:27,h.ozturk
1182,Waiting for Test,In Test,2025-11-06 00:02:30,c.mendes
1182,In Test,Done,06/11/2025 03:54,c.mendes
1182,Done,Released,2025-11-06 09:00:00,c.mendes
1183,,Backlog,27/10/2025 03:42,c.mendes
1183,Backlog,Waiting for In Progress,2025-10-27 20:27:22,h.ozturk
1183,Waiting for In Progress,In Progress,2025-10-31 23:23:50,c.mendes
1184,,Backlog,2025-11-10 12:29:32,m.okafor
1184,Backlog,Waiting for In Progress,2025-11-11 02:43:14,r.silva
1184,Waiting for In Progress,In Progress,2025-11-13 23:34:56,j.tan
1184,In Progress,Waiting for Test,2025-11-14 03:16:17,m.okafor
1184,Waiting for Test,In Test,2025-11-17 08:37:41,j.tan
1184,In Test,Done,2025-11-17 13:08:31,m.okafor
1184,Done,Released,2025-11-23 09:00:00,m.okafor
1185,,Backlog,2025-11-06 16:39:36,j.tan
1185,Backlog,Waiting for In Progress,2025-11-10 21:04:53,r.silva
1185,Waiting for In Progress,In Progress,2025-11-14 14:42:16,m.okafor
1185,In Progress,Waiting for Test,2025-11-14 19:58:44,m.okafor
1185,Waiting for Test,In Test,2025-11-17 04:55:17,m.okafor
1185,In Test,Done,2025-11-17 12:28:52,m.okafor
1185,Done,Released,2025-11-23 09:00:00,r.silva
1186,,Backlog,2025-11-11 05:51:12,r.silva
1186,Backlog,Waiting for In Progress,14/11/2025 05:21,r.silva
1186,Waiting for In Progress,In Progress,2025-11-17 09:37:45,m.okafor
1186,In Progress,Waiting for Test,2025-11-18 00:34:43,r.silva
1186,Waiting for Test,In Test,2025-11-20 03:02:53,r.silva
1186,In Test,Done,2025-11-20 06:36:03,j.tan
1186,Done,Released,2025-11-23 09:00:00,j.tan
1187,,Backlog,2025-11-10 19:27:40,j.tan
1187,Backlog,Waiting for In Progress,2025-11-12 23:02:50,m.okafor
1187,Waiting for In Progress,In Progress,2025-11-13 22:45:42,m.okafor
1187,In Progress,Waiting for Test,2025-11-14 17:41:38,r.silva
1187,Waiting for Test,In Test,2025-11-17 12:22:39,r.silva
1187,In Test,Done,2025-11-18 05:22:00,r.silva
1187,Done,Released,2025-11-23 09:00:00,r.silva
1188,,Backlog,2025-11-10 07:46:11,j.tan
1188,Backlog,Waiting for In Progress,2025-11-13 22:27:33,j.tan
1188,Waiting for In Progress,In Progress,2025-11-17 03:02:03,r.silva
1188,In Progress,Waiting for Test,2025-11-18 01:05:07,r.silva
1188,Waiting for Test,In Test,2025-11-18 17:45:04,j.tan
1188,In Test,Done,18/11/2025 21:07,m.okafor
1188,Done,Released,2025-11-23 09:00:00,j.tan
1189,,Backlog,2025-11-10 17:27:58,r.silva
1189,Backlog,Waiting for In Progress,2025-11-12 22:42:23,r.silva
1189,Waiting for In Progress,In Progress,2025-11-17 07:50:41,j.tan
1189,In Progress,Waiting for Test,2025-11-17 20:10:57,j.tan
1189,Waiting for Test,In Test,2025-11-18 04:52:05,j.tan
1189,In Test,Done,2025-11-18 08:40:30,m.okafor
1189,Done,Released,23/11/2025 09:00,j.tan
1190,,Backlog,2025-11-11 07:16:18,r.silva
1190,Backlog,Waiting for In Progress,2025-11-12 11:24:19,r.silva
1190,Waiting for In Progress,In Progress,2025-11-12 14:43:05,m.okafor
1190,In Progress,Waiting for Test,2025-11-12 21:48:36,m.okafor
1190,Waiting for Test,In Test,2025-11-14 21:17:06,j.tan
1190,In Test,Done,2025-11-17 01:26:25,m.okafor
1190,Done,Released,2025-11-23 09:00:00,r.silva
1191,,Backlog,2025-11-11 10:04:45,d.byrne
1191,Backlog,Waiting for In Progress,2025-11-14 16:14:59,d.byrne
1191,Waiting for In Progress,In Progress,2025-11-17 15:55:18,d.byrne
1191,In Progress,Waiting for Test,2025-11-17 18:55:33,d.byrne
1191,Waiting for Test,In Test,2025-11-20 14:44:32,d.byrne
1191,In Test,Done,2025-11-20 18:09:18,l.moreau
1191,Done,Released,2025-11-23 09:00:00,l.moreau
1192,,Backlog,2025-11-12 03:58:29,l.moreau
1192,Backlog,Waiting for In Progress,2025-11-14 10:03:43,d.byrne
1192,Waiting for In Progress,In Progress,2025-11-17 11:28:49,l.moreau
1192,In Progress,Waiting for Test,2025-11-17 22:39:18,d.byrne
1192,Waiting for Test,In Test,2025-11-19 17:32:02,d.byrne
1192,In Test,Done,2025-11-20 01:43:20,l.moreau
1192,Done,Released,2025-11-23 09:00:00,d.byrne
1193,,Backlog,2025-11-07 22:53:06,l.moreau
1193,Backlog,Waiting for In Progress,2025-11-11 14:10:49,d.byrne
1193,Waiting for In Progress,In Progress,2025-11-17 11:25:02,d.byrne
1193,In Progress,Waiting for Test,2025-11-18 15:34:58,l.moreau
1193,Waiting for Test,In Test,2025-11-21 17:44:44,l.moreau
1193,In Test,Done,21/11/2025 20:36,d.byrne
1193,Done,Released,2025-11-23 09:00:00,l.moreau
1194,,Backlog,2025-11-07 18:32:12,d.byrne
1194,Backlog,Waiting for In Progress,2025-11-10 13:34:46,d.byrne
1194,Waiting for In Progress,In Progress,2025-11-12 09:49:17,d.byrne
1194,In Progress,Waiting for Test,2025-11-14 09:14:28,l.moreau
1194,Waiting for Test,In Test,2025-11-17 01:03:02,l.moreau
1194,In Test,Done,2025-11-17 02:49:12,d.byrne
1194,Done,Released,2025-11-23 09:00:00,l.moreau
1195,,Backlog,2025-11-10 16:24:21,d.byrne
1195,Backlog,Waiting for In Progress,11/11/2025 10:54,d.byrne
1195,Waiting for In Progress,In Progress,2025-11-13 18:10:26,l.moreau
1195,In Progress,Waiting for Test,2025-11-13 21:07:54,d.byrne
1196,,Backlog,2025-11-11 04:15:33,d.byrne
1196,Backlog,Waiting for In Progress,2025-11-13 22:46:39,d.byrne
1196,Waiting for In Progress,In Progress,2025-11-14 13:00:02,d.byrne
1196,In Progress,Waiting for Test,2025-11-14 22:53:50,d.byrne
1196,Waiting for Test,In Test,2025-11-17 14:40:59,l.moreau
1196,In Test,Done,2025-11-18 02:17:44,l.moreau
1196,Done,In Progress,2025-11-21 10:15:30,l.moreau
1196,In Progress,Waiting for Test,2025-11-21 20:27:45,l.moreau
1196,Waiting for Test,In Test,2025-11-24 02:54:56,d.byrne
1196,In Test,Done,24/11/2025 10:51,d.byrne
1196,Done,Released,2025-11-30 09:00:00,d.byrne
1197,,Backlog,2025-11-11 04:27:09,l.moreau
1197,Backlog,Waiting for In Progress,2025-11-12 17:41:45,d.byrne
1197,Waiting for In Progress,In Progress,2025-11-13 07:07:54,l.moreau
1197,In Progress,Waiting for Test,2025-11-13 18:02:27,d.byrne
1197,Waiting for Test,In Test,2025-11-17 17:56:30,l.moreau
1197,In Test,Done,2025-11-17 21:03:57,d.byrne
1197,Done,Released,2025-11-23 09:00:00,d.byrne
1198,,Backlog,2025-11-11 04:05:07,d.byrne
1198,Backlog,Waiting for In Progress,2025-11-11 20:17:50,d.byrne
1198,Waiting for In Progress,In Progress,2025-11-17 18:59:46,l.moreau
1198,In Progress,Waiting for Test,2025-11-18 08:05:23,d.byrne
1198,Waiting for Test,In Test,2025-11-19 03:07:51,d.byrne
1198,In Test,Done,19/11/2025 04:26,d.byrne
1198,Done,Released,2025-11-23 09:00:00,d.byrne
1199,,Backlog,2025-11-11 04:18:31,d.byrne
1199,Backlog,Waiting for In Progress,2025-11-13 01:58:37,l.moreau
1199,Waiting for In Progress,In Progress,2025-11-17 17:49:45,d.byrne
1199,In Progress,Waiting for Test,2025-11-18 05:50:39,l.moreau
1199,Waiting for Test,In Test,2025-11-20 16:31:15,l.moreau
1199,In Test,Done,2025-11-21 07:17:48,l.moreau
1199,Done,Released,2025-11-23 09:00:00,d.byrne
1200,,Backlog,2025-11-10 09:42:04,l.moreau
1200,Backlog,Waiting for In Progress,11/11/2025 18:58,d.byrne
1200,Waiting for In Progress,In Progress,2025-11-17 03:40:02,l.moreau
1200,In Progress,Waiting for Test,2025-11-18 01:15:46,l.moreau
1200,Waiting for Test,In Test,2025-11-18 15:15:37,l.moreau
1200,In Test,Done,2025-11-19 10:11:41,d.byrne
1200,Done,Released,2025-11-23 09:00:00,l.moreau
1201,,Backlog,2025-11-12 02:42:00,l.moreau
1201,Backlog,Waiting for In Progress,2025-11-17 11:05:51,d.byrne
1201,Waiting for In Progress,In Progress,2025-11-24 10:59:10,d.byrne
1201,In Progress,Waiting for Test,2025-11-24 14:52:47,l.moreau
1201,Waiting for Test,In Test,2025-11-25 08:29:53,l.moreau
1201,In Test,Done,2025-11-25 19:11:55,l.moreau
1201,Done,Released,2025-11-30 09:00:00,d.byrne
1202,,Backlog,2025-11-11 08:20:37,a.kowalski
1202,Backlog,Waiting for In Progress,2025-11-12 01:38:19,s.rossi
1202,Waiting for In Progress,In Progress,2025-11-13 10:29:05,s.rossi
1203,,Backlog,2025-11-07 09:14:44,s.rossi
1203,Backlog,Waiting for In Progress,2025-11-10 21:14:44,s.rossi
1203,Waiting for In Progress,In Progress,11/11/2025 10:13,a.kowalski
1203,In Progress,Waiting for Test,2025-11-13 07:11:44,a.kowalski
1203,Waiting for Test,In Test,2025-11-14 21:04:35,a.kowalski
1203,In Test,Done,2025-11-17 06:52:48,p.nair
1203,Done,Released,2025-11-23 09:00:00,a.kowalski
1204,,Backlog,2025-11-12 20:27:51,a.kowalski
1204,Backlog,Waiting for In Progress,2025-11-17 10:48:40,a.kowalski
1204,Waiting for In Progress,In Progress,2025-11-21 19:22:39,p.nair
1204,In Progress,Waiting for Test,2025-11-24 00:23:57,p.nair
1204,Waiting for Test,In Test,2025-11-25 11:37:40,a.kowalski
1204,In Test,Done,25/11/2025 16:02,p.nair
1204,Done,Released,2025-11-30 09:00:00,a.kowalski
1205,,Backlog,2025-11-10 17:19:47,s.rossi
1205,Backlog,Waiting for In Progress,2025-11-13 03:02:11,s.rossi
1205,Waiting for In Progress,In Progress,13/11/2025 07:19,a.kowalski
1205,In Progress,Waiting for Test,2025-11-13 19:36:10,p.nair
1205,Waiting for Test,In Test,2025-11-17 16:33:18,p.nair
1205,In Test,Done,2025-11-17 23:33:29,p.nair
1205,Done,Released,2025-11-23 09:00:00,a.kowalski
1205,,Backlog,2025-11-10 17:19:47,s.rossi
1206,,Backlog,2025-11-10 21:27:25,a.kowalski
1206,Backlog,Waiting for In Progress,2025-11-11 07:40:20,s.rossi
1206,Waiting for In Progress,In Progress,2025-11-14 12:31:47,p.nair
1206,In Progress,Waiting for Test,2025-11-17 01:32:03,p.nair
1206,Waiting for Test,In Test,2025-11-20 07:20:27,a.kowalski
1206,In Test,Done,2025-11-20 15:01:59,a.kowalski
1206,Done,Released,2025-11-23 09:00:00,p.nair
1207,,Backlog,2025-11-10 11:58:46,c.mendes
1207,Backlog,Waiting for In Progress,2025-11-12 14:37:02,c.mendes
1207,Waiting for In Progress,In Progress,2025-11-17 05:10:48,c.mendes
1207,In Progress,Waiting for Test,17/11/2025 18:56,h.ozturk
1207,Waiting for Test,In Test,21/11/2025 01:34,h.ozturk
1207,In Test,Done,2025-11-21 07:14:11,c.mendes
1207,Done,Released,2025-11-23 09:00:00,h.ozturk
1208,,Backlog,2025-11-11 23:09:28,h.ozturk
1208,Backlog,Waiting for In Progress,2025-11-14 07:47:55,h.ozturk
1208,Waiting for In Progress,In Progress,2025-11-14 23:05:07,c.mendes
1208,In Progress,Waiting for Test,2025-11-17 19:38:33,h.ozturk
1208,Waiting for Test,In Test,2025-11-18 11:47:31,h.ozturk
1208,In Test,Done,2025-11-18 21:55:23,h.ozturk
1208,Done,In Progress,2025-11-19 05:21:17,h.ozturk
1208,In Progress,Waiting for Test,2025-11-19 19:38:47,h.ozturk
1208,Waiting for Test,In Test,2025-11-24 05:12:30,c.mendes
1208,In Test,Done,2025-11-24 19:08:45,c.mendes
1208,Done,Released,2025-11-30 09:00:00,c.mendes
1209,,Backlog,2025-11-12 13:55:56,c.mendes
1209,Backlog,Waiting for In Progress,2025-11-17 11:00:57,h.ozturk
1210,,Backlog,2025-11-11 06:02:19,h.ozturk
1210,Backlog,Waiting for In Progress,2025-11-12 11:12:10,h.ozturk
1210,Waiting for In Progress,In Progress,2025-11-13 13:13:00,h.ozturk
1210,In Progress,Waiting for Test,2025-11-13 22:46:18,h.ozturk
1210,Waiting for Test,In Test,2025-11-14 19:27:51,h.ozturk
1210,In Test,Done,2025-11-17 02:59:19,c.mendes
1210,Done,Released,2025-11-23 09:00:00,c.mendes
1211,,Backlog,2025-11-11 22:18:58,c.mendes
1211,Backlog,Waiting for In Progress,2025-11-14 14:04:10,h.ozturk
1211,Waiting for In Progress,In Progress,2025-11-18 00:56:17,c.mendes
1211,In Progress,Waiting for Test,2025-11-18 09:50:23,c.mendes
1211,Waiting for Test,In Test,2025-11-19 23:10:18,c.mendes
1211,In Test,Done,2025-11-20 09:27:42,c.mendes
1211,Done,Released,2025-11-23 09:00:00,c.mendes
1212,,Backlog,2025-11-25 18:24:10,j.tan
1212,Backlog,Waiting for In Progress,2025-11-28 12:04:22,m.okafor
1212,Waiting for In Progress,In Progress,2025-12-01 08:31:36,m.okafor
1212,In Progress,Waiting for Test,2025-12-01 20:45:07,m.okafor
1212,Waiting for Test,In Test,2025-12-02 01:27:14,r.silva
1212,In Test,Done,2025-12-02 04:29:43,j.tan
1212,Done,Released,2025-12-07 09:00:00,m.okafor
1213,,Backlog,2025-11-25 04:55:41,j.tan
1213,Backlog,Waiting for In Progress,2025-11-27 11:02:49,r.silva
1213,Waiting for In Progress,In Progress,2025-11-28 21:00:17,r.silva
1213,In Progress,Waiting for Test,2025-12-01 06:17:47,j.tan
1213,Waiting for Test,In Test,2025-12-01 21:11:08,r.silva
1213,In Test,Done,2025-12-02 03:45:09,j.tan
1213,Done,Released,2025-12-07 09:00:00,j.tan
1214,,Backlog,2025-11-24 23:26:39,r.silva
1214,Backlog,Waiting for In Progress,2025-11-28 10:31:18,m.okafor
1214,Waiting for In Progress,In Progress,2025-12-01 09:06:29,j.tan
1214,In Progress,Waiting for Test,2025-12-01 17:14:42,j.tan
1214,Waiting for Test,In Test,2025-12-02 22:27:49,r.silva
1214,In Test,Done,2025-12-03 07:00:20,j.tan
1214,Done,Released,2025-12-07 09:00:00,m.okafor
1215,,Backlog,2025-11-25 05:01:01,r.silva
1215,Backlog,Waiting for In Progress,2025-11-27 20:48:09,j.tan
1215,Waiting for In Progress,In Progress,2025-11-28 05:51:07,m.okafor
1215,In Progress,Waiting for Test,2025-11-28 15:45:11,r.silva
1215,In Test,Done,2025-12-01 16:25:49,r.silva
1215,Done,Released,2025-12-07 09:00:00,m.okafor
1216,,Backlog,2025-11-24 00:13:28,m.okafor
1216,Backlog,Waiting for In Progress,2025-11-27 16:00:27,m.okafor
1216,Waiting for In Progress,In Progress,2025-12-01 13:39:03,j.tan
1216,In Progress,Waiting for Test,2025-12-02 07:51:02,j.tan
1216,Waiting for Test,In Test,2025-12-04 15:43:58,j.tan
1216,In Test,Done,2025-12-05 05:09:54,j.tan
1216,Done,Released,2025-12-07 09:00:00,m.okafor
1217,,Backlog,2025-11-25 04:43:16,m.okafor
1217,Backlog,Waiting for In Progress,2025-11-25 21:49:12,j.tan
1217,Waiting for In Progress,In Progress,2025-12-01 12:51:28,r.silva
1217,In Progress,Waiting for Test,2025-12-01 14:19:06,r.silva
1217,Waiting for Test,In Test,2025-12-02 19:34:29,j.tan
1217,In Test,Done,2025-12-03 10:09:39,m.okafor
1217,Done,Released,2025-12-07 09:00:00,r.silva
1218,,Backlog,2025-11-24 16:03:12,m.okafor
1218,Backlog,Waiting for In Progress,2025-11-28 06:43:14,m.okafor
1218,Waiting for In Progress,In Progress,2025-12-02 16:52:42,j.tan
1218,In Progress,Waiting for Test,2025-12-03 12:12:52,r.silva
1218,Waiting for Test,In Test,2025-12-05 00:20:57,r.silva
1218,In Test,Done,2025-12-05 08:01:15,j.tan
1218,Done,Released,07/12/2025 09:00,r.silva
1219,,Backlog,2025-11-20 22:44:20,j.tan
1219,Backlog,Waiting for In Progress,2025-11-24 20:17:10,j.tan
1219,Waiting for In Progress,In Progress,2025-11-28 19:37:05,r.silva
1219,In Progress,Waiting for Test,2025-12-01 00:39:36,j.tan
1219,Waiting for Test,In Test,2025-12-03 11:04:18,m.okafor
1219,In Test,Done,2025-12-03 15:52:51,j.tan
1219,Done,Released,2025-12-07 09:00:00,j.tan
1220,,Backlog,2025-11-24 11:11:10,d.byrne
1220,Backlog,Waiting for In Progress,2025-11-25 02:23:27,d.byrne
1220,Waiting for In Progress,In Progress,2025-11-25 20:41:44,l.moreau
1220,In Progress,Waiting for Test,2025-11-26 02:13:06,l.moreau
1220,Waiting for Test,In Test,2025-11-28 21:26:55,d.byrne
1220,In Test,Done,2025-12-01 06:34:19,l.moreau
1220,Done,Released,2025-12-07 09:00:00,d.byrne
1221,,Backlog,2025-11-25 18:23:06,l.moreau
1221,Backlog,Waiting for In Progress,2025-12-01 01:25:07,d.byrne
1221,Waiting for In Progress,In Progress,2025-12-03 19:26:51,l.moreau
1221,In Progress,Waiting for Test,2025-12-04 01:50:21,l.moreau
1221,Waiting for Test,In Test,2025-12-05 02:47:18,l.moreau
1221,In Test,Done,2025-12-05 07:21:32,d.byrne
1221,Done,Released,2025-12-07 09:00:00,l.moreau
1222,,Backlog,2025-11-24 08:33:35,d.byrne
1222,Backlog,Waiting for In Progress,2025-11-25 19:56:48,l.moreau
1222,Waiting for In Progress,In Progress,2025-12-01 20:34:29,l.moreau
1222,In Progress,Waiting for Test,2025-12-02 13:22:11,d.byrne
1222,Waiting for Test,In Test,2025-12-04 22:38:48,l.moreau
1222,In Test,Done,2025-12-05 00:09:22,d.byrne
1222,Done,Released,2025-12-07 09:00:00,d.byrne
1223,,Backlog,2025-11-24 08:43:58,d.byrne
1223,Backlog,Waiting for In Progress,2025-11-27 05:47:27,l.moreau
1223,Waiting for In Progress,In Progress,2025-12-01 04:41:00,d.byrne
1223,In Progress,Waiting for Test,2025-12-01 11:25:58,d.byrne
1223,Waiting for Test,In Test,2025-12-03 02:45:48,l.moreau
1223,In Test,Done,2025-12-03 07:57:23,l.moreau
1223,Done,Released,2025-12-07 09:00:00,d.byrne
1224,,Backlog,2025-11-25 10:42:41,l.moreau
1224,Backlog,Waiting for In Progress,2025-11-28 08:32:05,d.byrne
1224,Waiting for In Progress,In Progress,2025-12-01 19:03:17,d.byrne
1224,In Progress,Waiting for Test,2025-12-02 00:58:27,d.byrne
1224,Waiting for Test,In Test,2025-12-03 04:28:54,l.moreau
1224,In Test,Done,2025-12-03 10:28:19,d.byrne
1224,Done,Released,2025-12-07 09:00:00,d.byrne
1225,,Backlog,2025-11-26 22:22:04,d.byrne
1225,Backlog,Waiting for In Progress,2025-11-27 01:59:20,d.byrne
1225,Waiting for In Progress,In Progress,2025-11-28 20:44:59,l.moreau
1225,Waiting for Test,In Test,2025-12-03 12:54:05,l.moreau
1225,In Test,Done,03/12/2025 21:27,d.byrne
1225,Done,Released,2025-12-07 09:00:00,d.byrne
1226,,Backlog,2025-11-25 00:14:52,l.moreau
1226,Backlog,Waiting for In Progress,2025-11-27 13:21:19,d.byrne
1226,Waiting for In Progress,In Progress,2025-11-27 19:30:52,d.byrne
1226,In Progress,Waiting for Test,2025-11-27 20:46:46,d.byrne
1226,Waiting for Test,In Test,2025-12-01 03:41:16,l.moreau
1226,In Test,Done,2025-12-01 08:56:45,d.byrne
1226,Done,Released,2025-12-07 09:00:00,d.byrne
1227,,Backlog,2025-11-25 19:06:56,l.moreau
1227,Backlog,Waiting for In Progress,2025-11-28 12:31:25,d.byrne
1227,Waiting for In Progress,In Progress,2025-12-02 02:03:29,l.moreau
1227,In Progress,Waiting for Test,2025-12-02 05:15:39,l.moreau
1227,Waiting for Test,In Test,2025-12-05 00:10:50,l.moreau
1227,In Test,Done,2025-12-05 05:36:54,d.byrne
1227,Done,Released,2025-12-07 09:00:00,d.byrne
1228,,Backlog,2025-11-21 18:18:13,l.moreau
1228,Backlog,Waiting for In Progress,2025-11-25 01:44:22,l.moreau
1228,Waiting for In Progress,In Progress,2025-11-27 02:32:22,l.moreau
1229,,Backlog,2025-11-24 07:23:44,d.byrne
1229,Backlog,Waiting for In Progress,2025-11-26 11:37:11,l.moreau
1229,Waiting for In Progress,In Progress,2025-11-28 02:16:50,l.moreau
1229,In Progress,Waiting for Test,2025-11-28 14:47:36,d.byrne
1229,Waiting for Test,In Test,2025-12-01 01:26:33,l.moreau
1229,In Test,Done,2025-12-01 07:58:13,l.moreau
1229,Done,Released,2025-12-07 09:00:00,d.byrne
1230,,Backlog,2025-11-25 18:53:14,d.byrne
1230,Backlog,Waiting for In Progress,2025-11-26 09:48:28,l.moreau
1230,Waiting for In Progress,In Progress,2025-12-01 09:40:32,d.byrne
1230,In Progress,Waiting for Test,2025-12-01 14:46:47,l.moreau
1230,Waiting for Test,In Test,2025-12-03 12:02:17,l.moreau
1230,In Test,Done,2025-12-03 19:16:17,d.byrne
1230,Done,Released,2025-12-07 09:00:00,d.byrne
1231,,Backlog,2025-11-26 03:28:57,d.byrne
1231,Backlog,Waiting for In Progress,2025-11-26 17:14:45,l.moreau
1231,Waiting for In Progress,In Progress,2025-11-28 01:24:38,d.byrne
1231,In Progress,Waiting for Test,2025-12-01 09:29:30,d.byrne
1231,Waiting for Test,In Test,2025-12-03 07:17:03,d.byrne
1231,In Test,Done,2025-12-03 13:06:22,d.byrne
1231,Done,Released,2025-12-07 09:00:00,d.byrne
1232,,Backlog,2025-11-26 14:49:13,a.kowalski
1232,Backlog,Waiting for In Progress,2025-11-27 00:09:43,s.rossi
1232,Waiting for In Progress,In Progress,27/11/2025 09:03,p.nair
1232,In Progress,Waiting for Test,2025-11-28 04:08:39,p.nair
1232,Waiting for Test,In Test,2025-12-01 10:57:45,s.rossi
1232,In Test,Done,01/12/2025 15:14,p.nair
1232,Done,Released,2025-12-07 09:00:00,a.kowalski
1233,,Backlog,2025-11-24 03:02:36,p.nair
1233,Backlog,Waiting for In Progress,2025-11-27 12:59:20,p.nair
1233,Waiting for In Progress,In Progress,2025-12-01 17:49:24,a.kowalski
1233,In Progress,Waiting for Test,02/12/2025 02:56,s.rossi
1233,Waiting for Test,In Test,2025-12-04 15:13:49,s.rossi
1233,In Test,Done,2025-12-04 18:04:54,p.nair
1233,Done,Released,2025-12-07 09:00:00,a.kowalski
1234,,Backlog,2025-11-24 17:58:30,a.kowalski
1234,Backlog,Waiting for In Progress,2025-11-28 09:32:07,a.kowalski
1234,Waiting for In Progress,In Progress,2025-12-01 18:23:41,s.rossi
1234,In Progress,Waiting for Test,2025-12-02 14:55:12,s.rossi
1234,Waiting for Test,In Test,2025-12-04 02:11:32,p.nair
1234,In Test,Done,2025-12-04 14:48:51,p.nair
1234,Done,Released,2025-12-07 09:00:00,a.kowalski
1235,,Backlog,2025-11-27 03:31:12,p.nair
1235,Backlog,Waiting for In Progress,2025-11-28 13:14:26,p.nair
1235,Waiting for In Progress,In Progress,2025-12-01 23:10:39,p.nair
1235,In Progress,Waiting for Test,2025-12-02 09:35:53,s.rossi
1235,Waiting for Test,In Test,2025-12-02 18:20:25,s.rossi
1235,In Test,Done,02/12/2025 19:54,a.kowalski
1235,Done,Released,2025-12-07 09:00:00,a.kowalski
1236,,Backlog,2025-11-25 18:58:35,s.rossi
1236,Backlog,Waiting for In Progress,2025-11-27 12:03:00,a.kowalski
1236,Waiting for In Progress,In Progress,2025-12-01 19:44:11,s.rossi
1236,In Progress,Waiting for Test,2025-12-03 05:01:01,p.nair
1236,Waiting for Test,In Test,2025-12-04 03:29:55,s.rossi
1236,In Test,Done,2025-12-04 05:21:24,p.nair
1236,Done,Released,2025-12-07 09:00:00,a.kowalski
1237,,Backlog,2025-11-24 01:42:07,s.rossi
1237,Backlog,Waiting for In Progress,2025-11-26 07:23:54,s.rossi
1237,Waiting for In Progress,In Progress,01/12/2025 07:00,p.nair
1237,In Progress,Waiting for Test,2025-12-01 13:27:17,a.kowalski
1237,Waiting for Test,In Test,2025-12-02 13:18:00,p.nair
1237,In Test,Done,2025-12-02 16:21:16,p.nair
1237,Done,Released,2025-12-07 09:00:00,s.rossi
1238,,Backlog,2025-11-25 09:39:20,s.rossi
1238,Backlog,Waiting for In Progress,2025-11-26 04:07:15,s.rossi
1238,Waiting for In Progress,In Progress,2025-11-28 04:34:04,a.kowalski
1238,In Progress,Waiting for Test,2025-11-28 18:20:43,p.nair
1238,Waiting for Test,In Test,2025-12-01 07:42:02,s.rossi
1238,In Test,Done,2025-12-01 13:52:24,s.rossi
1238,Done,Released,2025-12-07 09:00:00,p.nair
1239,,Backlog,24/11/2025 21:36,a.kowalski
1239,Backlog,Waiting for In Progress,2025-11-28 05:33:20,s.rossi
1239,Waiting for In Progress,In Progress,2025-11-28 14:21:05,p.nair
1239,In Progress,Waiting for Test,2025-12-01 06:22:39,s.rossi
1239,Waiting for Test,In Test,2025-12-01 20:19:18,a.kowalski
1239,In Test,Done,2025-12-02 01:59:19,p.nair
1239,Done,Released,07/12/2025 09:00,p.nair
1240,,Backlog,2025-11-24 08:54:09,p.nair
1240,Backlog,Waiting for In Progress,2025-11-25 19:42:44,s.rossi
1240,Waiting for In Progress,In Progress,2025-11-26 13:25:03,a.kowalski
1240,In Progress,Waiting for Test,2025-11-26 23:17:27,a.kowalski
1240,Waiting for Test,In Test,2025-11-28 03:47:28,a.kowalski
1240,In Test,Done,2025-11-28 17:22:26,p.nair
1240,Done,Released,30/11/2025 09:00,s.rossi
1241,,Backlog,2025-11-21 04:32:52,c.mendes
1241,Backlog,Waiting for In Progress,2025-11-24 09:01:33,c.mendes
1241,Waiting for In Progress,In Progress,2025-11-28 08:10:08,h.ozturk
1241,In Progress,Waiting for Test,2025-11-28 11:21:00,h.ozturk
1242,,Backlog,2025-11-25 05:29:45,h.ozturk
1242,Backlog,Waiting for In Progress,2025-11-28 20:16:52,h.ozturk
1242,Waiting for In Progress,In Progress,2025-12-01 09:10:52,c.mendes
1242,In Progress,Waiting for Test,2025-12-02 03:40:39,c.mendes
1242,Waiting for Test,In Test,2025-12-03 18:33:43,h.ozturk
1242,In Test,Done,2025-12-03 23:57:05,h.ozturk
1242,Done,Released,2025-12-07 09:00:00,h.ozturk
1243,,Backlog,2025-11-24 15:58:20,h.ozturk
1243,Backlog,Waiting for In Progress,24/11/2025 23:59,c.mendes
1243,Waiting for In Progress,In Progress,2025-11-28 16:24:11,h.ozturk
1243,In Progress,Waiting for Test,2025-11-28 22:08:17,h.ozturk
1243,Waiting for Test,In Test,2025-12-02 02:17:33,h.ozturk
1243,In Test,Done,2025-12-02 07:41:43,c.mendes
1243,Done,Released,2025-12-07 09:00:00,c.mendes
1244,,Backlog,2025-11-24 22:44:01,c.mendes
1244,Backlog,Waiting for In Progress,2025-11-25 15:12:17,h.ozturk
1244,Waiting for In Progress,In Progress,2025-12-01 08:41:07,h.ozturk
1244,In Progress,Waiting for Test,2025-12-01 17:41:07,c.mendes
1244,Waiting for Test,In Test,2025-12-04 08:52:02,c.mendes
1244,In Test,Done,2025-12-04 17:03:40,c.mendes
1244,Done,Released,2025-12-07 09:00:00,c.mendes
1245,,Backlog,2025-11-24 16:44:16,h.ozturk
1245,Backlog,Waiting for In Progress,2025-11-25 01:08:24,h.ozturk
1245,Waiting for In Progress,In Progress,2025-11-27 16:22:24,h.ozturk
1245,In Progress,Waiting for Test,2025-12-01 03:49:10,h.ozturk
1245,Waiting for Test,In Test,2025-12-02 20:34:21,c.mendes
1245,In Test,Done,2025-12-03 06:38:06,h.ozturk
1245,Done,Released,2025-12-07 09:00:00,c.mendes
1246,,Backlog,2025-12-10 11:40:19,j.tan
1246,Backlog,Waiting for In Progress,2025-12-15 06:45:05,j.tan
1246,Waiting for In Progress,In Progress,2025-12-19 15:45:54,j.tan
1246,In Progress,Waiting for Test,2025-12-22 06:02:15,j.tan
1246,Waiting for Test,In Test,2025-12-24 06:46:33,j.tan
1246,In Test,Done,2025-12-24 10:14:28,m.okafor
1246,Done,Released,31/12/2025 09:00,r.silva
1247,,Backlog,2025-12-09 02:42:10,m.okafor
1247,Backlog,Waiting for In Progress,2025-12-11 21:02:32,m.okafor
1247,Waiting for In Progress,In Progress,2025-12-12 01:05:08,j.tan
1247,In Progress,Waiting for Test,2025-12-12 11:46:49,r.silva
1247,Waiting for Test,In Test,2025-12-15 02:24:09,j.tan
1247,In Test,Done,15/12/2025 19:48,m.okafor
1247,Done,Released,2025-12-21 09:00:00,j.tan
1248,,Backlog,2025-12-09 18:41:46,r.silva
1248,Backlog,Waiting for In Progress,2025-12-12 06:11:29,j.tan
1248,Waiting for In Progress,In Progress,2025-12-16 02:02:07,j.tan
1248,In Progress,Waiting for Test,2025-12-16 06:40:56,m.okafor
1248,Waiting for Test,In Test,2025-12-19 05:34:23,r.silva
1248,In Test,Done,2025-12-19 12:41:39,j.tan
1248,Done,Released,2025-12-21 09:00:00,r.silva
1249,,Backlog,2025-12-10 07:55:42,j.tan
1249,Backlog,Waiting for In Progress,2025-12-10 11:34:21,j.tan
1249,Waiting for In Progress,In Progress,2025-12-15 03:36:48,r.silva
1249,In Progress,Waiting for Test,2025-12-15 13:32:44,j.tan
1249,Waiting for Test,In Test,2025-12-18 14:31:49,r.silva
1249,In Test,Done,2025-12-18 19:21:13,m.okafor
1249,Done,Released,2025-12-21 09:00:00,j.tan
1250,,Backlog,2025-12-04 14:54:30,m.okafor
1250,Backlog,Waiting for In Progress,2025-12-08 17:36:30,r.silva
1250,Waiting for In Progress,In Progress,2025-12-10 02:16:38,j.tan
1250,In Progress,Waiting for Test,2025-12-11 06:03:25,m.okafor
1250,Waiting for Test,In Test,2025-12-15 06:46:56,j.tan
1250,In Test,Done,2025-12-15 15:26:28,r.silva
1250,Done,Released,2025-12-21 09:00:00,r.silva
1251,,Backlog,2025-12-09 12:47:24,r.silva
1251,Backlog,Waiting for In Progress,2025-12-10 15:03:53,j.tan
1251,Waiting for In Progress,In Progress,2025-12-15 14:44:53,r.silva
1251,In Progress,Waiting for Test,2025-12-17 21:48:32,m.okafor
1251,Waiting for Test,In Test,2025-12-18 21:04:08,m.okafor
1251,In Test,Done,2025-12-19 03:57:56,j.tan
1251,Done,Released,2025-12-21 09:00:00,j.tan
1252,,Backlog,2025-12-08 23:20:33,r.silva
1252,Backlog,Waiting for In Progress,2025-12-11 10:47:47,j.tan
1252,Waiting for In Progress,In Progress,2025-12-15 16:02:35,m.okafor
1252,In Progress,Waiting for Test,2025-12-16 06:10:34,r.silva
1252,Waiting for Test,In Test,2025-12-16 07:16:28,r.silva
1252,In Test,Done,2025-12-16 17:14:41,j.tan
1252,Done,Released,2025-12-21 09:00:00,r.silva
1253,,Backlog,2025-12-09 13:08:58,l.moreau
1253,Backlog,Waiting for In Progress,2025-12-12 08:55:31,l.moreau
1253,Waiting for In Progress,In Progress,2025-12-15 06:10:10,d.byrne
1253,In Progress,Waiting for Test,2025-12-16 01:45:33,l.moreau
1253,Waiting for Test,In Test,2025-12-18 10:25:37,l.moreau
1253,In Test,Done,2025-12-18 12:23:59,l.moreau
1253,Done,Released,2025-12-21 09:00:00,d.byrne
1254,,Backlog,2025-12-05 04:19:53,l.moreau
1254,Backlog,Waiting for In Progress,2025-12-08 07:29:24,l.moreau
1254,Waiting for In Progress,In Progress,2025-12-12 14:00:34,l.moreau
1254,In Progress,Waiting for Test,2025-12-15 17:19:27,d.byrne
1254,Waiting for Test,In Test,2025-12-16 05:21:53,d.byrne
1254,In Test,Done,2025-12-16 09:07:02,l.moreau
1254,Done,Released,2025-12-21 09:00:00,l.moreau
1255,,Backlog,2025-12-09 10:01:54,l.moreau
1255,Backlog,Waiting for In Progress,2025-12-12 22:31:55,d.byrne
1255,Waiting for In Progress,In Progress,2025-12-15 08:54:33,l.moreau
1255,In Progress,Waiting for Test,2025-12-15 19:41:16,d.byrne
1255,Waiting for Test,In Test,2025-12-18 20:28:21,l.moreau
1255,In Test,Done,2025-12-19 00:45:12,d.byrne
1255,Done,Released,2025-12-21 09:00:00,d.byrne
1256,,Backlog,2025-12-09 22:10:17,d.byrne
1256,Backlog,Waiting for In Progress,2025-12-15 05:07:32,d.byrne
1256,Waiting for In Progress,In Progress,2025-12-19 18:42:54,l.moreau
1256,In Progress,Waiting for Test,2025-12-22 01:01:56,d.byrne
1256,Waiting for Test,In Test,2025-12-24 08:56:07,d.byrne
1256,In Test,Done,2025-12-24 10:32:17,l.moreau
1256,Done,Released,2025-12-31 09:00:00,d.byrne
1257,,Backlog,2025-12-09 13:45:05,l.moreau
1257,Backlog,Waiting for In Progress,2025-12-10 08:16:30,l.moreau
1257,Waiting for In Progress,In Progress,2025-12-15 20:27:15,d.byrne
1257,In Progress,Waiting for Test,2025-12-16 11:20:58,d.byrne
1257,Waiting for Test,In Test,17/12/2025 13:56,l.moreau
1257,In Test,Done,17/12/2025 17:01,l.moreau
1257,Done,Released,21/12/2025 09:00,d.byrne
1258,,Backlog,2025-12-08 18:21:13,l.moreau
1258,Backlog,Waiting for In Progress,2025-12-11 14:34:03,d.byrne
1258,Waiting for In Progress,In Progress,2025-12-15 20:00:11,l.moreau
1258,In Progress,Waiting for Test,2025-12-16 08:32:40,d.byrne
1258,Waiting for Test,In Test,2025-12-19 02:23:02,d.byrne
1258,In Test,Done,2025-12-19 11:20:02,d.byrne
1258,Done,Released,2025-12-21 09:00:00,l.moreau
1259,,Backlog,2025-12-08 19:42:56,s.rossi
1259,Backlog,Waiting for In Progress,2025-12-10 23:59:07,s.rossi
1259,Waiting for In Progress,In Progress,2025-12-15 08:52:12,a.kowalski
1259,In Progress,Waiting for Test,2025-12-16 03:01:09,s.rossi
1259,Waiting for Test,In Test,2025-12-18 12:28:11,a.kowalski
1259,In Test,Done,2025-12-18 18:59:51,s.rossi
1259,Done,Released,2025-12-21 09:00:00,p.nair
1260,,Backlog,08/12/2025 13:37,p.nair
1260,Backlog,Waiting for In Progress,2025-12-11 21:53:13,s.rossi
1260,Waiting for In Progress,In Progress,2025-12-12 17:16:13,a.kowalski
1260,In Progress,Waiting for Test,2025-12-12 22:24:37,p.nair
1260,Waiting for Test,In Test,2025-12-12 23:37:39,a.kowalski
1260,In Test,Done,2025-12-15 16:51:53,s.rossi
1260,Done,In Progress,2025-12-17 17:29:54,s.rossi
1260,In Progress,Waiting for Test,2025-12-18 01:20:26,a.kowalski
1260,Waiting for Test,In Test,2025-12-19 22:53:26,a.kowalski
1260,In Test,Done,2025-12-22 13:46:58,p.nair
1260,Done,Released,2025-12-31 09:00:00,p.nair
1261,,Backlog,2025-12-10 02:11:12,p.nair
1261,Backlog,Waiting for In Progress,2025-12-11 19:24:20,a.kowalski
1261,Waiting for In Progress,In Progress,2025-12-15 23:33:24,p.nair
1261,In Progress,Waiting for Test,2025-12-16 05:22:54,s.rossi
1261,Waiting for Test,In Test,2025-12-18 11:28:47,p.nair
1261,In Test,Done,2025-12-18 13:37:07,a.kowalski
1261,Done,Released,2025-12-21 09:00:00,s.rossi
1262,,Backlog,2025-12-08 05:13:23,s.rossi
1262,Backlog,Waiting for In Progress,2025-12-08 09:25:15,p.nair
1262,Waiting for In Progress,In Progress,2025-12-12 02:42:39,p.nair
1262,In Progress,Waiting for Test,12/12/2025 13:53,a.kowalski
1262,Waiting for Test,In Test,2025-12-15 18:24:00,s.rossi
1262,In Test,Done,2025-12-16 01:11:35,s.rossi
1262,Done,Released,2025-12-21 09:00:00,s.rossi
1263,,Backlog,2025-12-08 14:58:39,a.kowalski
1263,Backlog,Waiting for In Progress,2025-12-11 15:04:33,s.rossi
1263,Waiting for In Progress,In Progress,2025-12-15 18:32:48,p.nair
1263,In Progress,Waiting for Test,2025-12-16 05:50:23,a.kowalski
1263,In Test,Done,2025-12-19 16:05:00,a.kowalski
1263,Done,Released,2025-12-21 09:00:00,p.nair
1264,,Backlog,2025-12-08 21:48:55,s.rossi
1264,Waiting for In Progress,In Progress,2025-12-12 05:12:13,a.kowalski
1264,In Progress,Waiting for Test,2025-12-15 07:16:12,s.rossi
1264,Waiting for Test,In Test,2025-12-17 00:09:49,a.kowalski
1264,In Test,Done,2025-12-17 05:25:56,p.nair
1264,Done,Released,2025-12-21 09:00:00,s.rossi
1265,,Backlog,2025-12-05 12:54:32,p.nair
1265,Backlog,Waiting for In Progress,2025-12-08 07:43:33,s.rossi
1265,Waiting for In Progress,In Progress,2025-12-08 14:32:57,s.rossi
1265,In Progress,Waiting for Test,2025-12-09 22:20:57,a.kowalski
1265,Waiting for Test,In Test,2025-12-10 19:25:31,p.nair
1265,In Test,Done,2025-12-11 03:38:47,a.kowalski
1265,Done,Released,2025-12-14 09:00:00,s.rossi
1266,,Backlog,2025-12-10 04:19:26,s.rossi
1266,Backlog,Waiting for In Progress,2025-12-12 22:24:07,s.rossi
1266,Waiting for In Progress,In Progress,2025-12-15 02:09:48,a.kowalski
1266,In Progress,Waiting for Test,2025-12-15 07:24:34,p.nair
1266,Waiting for Test,In Test,2025-12-16 17:35:28,s.rossi
1266,In Test,Done,2025-12-16 23:24:27,s.rossi
1266,Done,Released,2025-12-21 09:00:00,a.kowalski
1267,,Backlog,10/12/2025 04:10,c.mendes
1267,Backlog,Waiting for In Progress,2025-12-10 23:58:47,c.mendes
1267,Waiting for In Progress,In Progress,2025-12-15 20:43:43,h.ozturk
1267,In Progress,Waiting for Test,2025-12-16 05:48:01,h.ozturk
1267,Waiting for Test,In Test,2025-12-16 22:01:21,h.ozturk
1267,In Test,Done,2025-12-17 09:55:18,c.mendes
1267,Done,Released,2025-12-21 09:00:00,h.ozturk
1268,,Backlog,2025-12-10 01:21:06,h.ozturk
1268,Backlog,Waiting for In Progress,2025-12-10 19:02:25,c.mendes
1268,Waiting for In Progress,In Progress,2025-12-12 07:25:51,c.mendes
1268,In Progress,Waiting for Test,2025-12-12 22:10:44,h.ozturk
1268,Waiting for Test,In Test,2025-12-15 08:42:56,c.mendes
1268,In Test,Done,2025-12-15 19:07:39,c.mendes
1268,Done,Released,2025-12-21 09:00:00,c.mendes
1269,,Backlog,2025-12-09 15:26:45,c.mendes
1269,Backlog,Waiting for In Progress,2025-12-10 01:25:40,c.mendes
1269,Waiting for In Progress,In Progress,2025-12-15 08:31:02,c.mendes
1269,In Progress,Waiting for Test,2025-12-15 11:35:42,c.mendes
1269,Waiting for Test,In Test,2025-12-18 04:51:11,c.mendes
1269,In Test,Done,2025-12-18 09:25:01,c.mendes
1269,Done,Released,2025-12-21 09:00:00,h.ozturk
1270,,Backlog,2025-12-08 14:42:18,c.mendes
1270,Backlog,Waiting for In Progress,2025-12-11 21:20:27,h.ozturk
1270,Waiting for In Progress,In Progress,2025-12-11 22:56:03,c.mendes
1270,In Progress,Waiting for Test,2025-12-12 11:38:45,h.ozturk
1270,Waiting for Test,In Test,2025-12-15 22:39:30,h.ozturk
1270,In Test,Done,2025-12-16 04:47:22,h.ozturk
1270,Done,Released,21/12/2025 09:00,c.mendes
1271,,Backlog,2025-12-08 15:25:34,c.mendes
1271,Backlog,Waiting for In Progress,2025-12-11 04:00:35,h.ozturk
1271,Waiting for In Progress,In Progress,2025-12-11 17:18:42,h.ozturk
1271,In Progress,Waiting for Test,2025-12-12 03:58:54,h.ozturk
1271,Waiting for Test,In Test,2025-12-15 10:31:16,h.ozturk
1271,In Test,Done,2025-12-15 21:32:09,h.ozturk
1271,Done,Released,2025-12-21 09:00:00,h.ozturk
1272,,Backlog,08/12/2025 22:38,c.mendes
1272,Backlog,Waiting for In Progress,2025-12-09 13:48:15,c.mendes
1272,Waiting for In Progress,In Progress,11/12/2025 04:29,h.ozturk
1272,In Progress,Waiting for Test,2025-12-11 10:44:37,h.ozturk
1272,Waiting for Test,In Test,2025-12-11 15:53:01,h.ozturk
1272,In Test,Done,2025-12-11 19:43:14,h.ozturk
1272,Done,Released,2025-12-14 09:00:00,h.ozturk
1273,,Backlog,2025-12-09 19:19:09,h.ozturk
1273,Backlog,Waiting for In Progress,2025-12-11 03:48:01,h.ozturk
1273,Waiting for In Progress,In Progress,2025-12-15 11:24:25,h.ozturk
1273,In Progress,Waiting for Test,2025-12-16 08:08:04,h.ozturk
1273,Waiting for Test,In Test,2025-12-18 02:16:10,c.mendes
1273,In Test,Done,2025-12-18 15:46:04,h.ozturk
1273,Done,Released,21/12/2025 09:00,c.mendes
1274,,Backlog,2025-12-10 00:43:41,c.mendes
1274,Backlog,Waiting for In Progress,2025-12-15 16:26:36,c.mendes
1274,Waiting for In Progress,In Progress,2025-12-18 17:50:06,c.mendes
1274,In Progress,Waiting for Test,2025-12-22 07:57:57,c.mendes
1274,Waiting for Test,In Test,2025-12-23 03:44:11,c.mendes
1274,In Test,Done,2025-12-23 15:48:32,c.mendes
1274,Done,Released,2025-12-31 09:00:00,c.mendes
1275,,Backlog,2025-12-24 05:33:43,m.okafor
1275,Backlog,Waiting for In Progress,2025-12-24 20:16:47,j.tan
1275,Waiting for In Progress,In Progress,2025-12-29 18:13:53,r.silva
1275,In Progress,Waiting for Test,2025-12-30 16:28:15,m.okafor
1275,Waiting for Test,In Test,2025-12-31 11:35:23,m.okafor
1275,In Test,Done,31/12/2025 20:04,m.okafor
1275,Done,In Progress,2026-01-05 04:50:04,r.silva
1275,In Progress,Waiting for Test,05/01/2026 12:08,m.okafor
1275,Waiting for Test,In Test,2026-01-05 13:32:12,r.silva
1275,In Test,Done,2026-01-05 19:39:42,m.okafor
1275,Done,Released,2026-01-07 09:00:00,m.okafor
1276,,Backlog,2025-12-23 08:44:32,m.okafor
1276,Waiting for In Progress,In Progress,2025-12-29 21:48:50,r.silva
1276,In Progress,Waiting for Test,2025-12-30 10:02:29,j.tan
1276,Waiting for Test,In Test,2026-01-01 02:32:51,j.tan
1276,In Test,Done,2026-01-01 12:26:17,j.tan
1276,Done,Released,2026-01-07 09:00:00,m.okafor
1277,,Backlog,2025-12-23 03:39:14,m.okafor
1277,Backlog,Waiting for In Progress,24/12/2025 15:24,j.tan
1277,Waiting for In Progress,In Progress,2025-12-25 08:36:17,r.silva
1277,In Progress,Waiting for Test,2025-12-25 19:11:33,j.tan
1277,Waiting for Test,In Test,2025-12-25 23:09:49,r.silva
1277,Done,Released,2025-12-31 09:00:00,r.silva
1278,,Backlog,2025-12-24 00:52:54,r.silva
1278,Backlog,Waiting for In Progress,2025-12-29 16:33:42,m.okafor
1278,Waiting for In Progress,In Progress,2026-01-01 23:52:57,m.okafor
1278,In Progress,Waiting for Test,2026-01-02 11:31:26,r.silva
1278,Waiting for Test,In Test,2026-01-05 01:16:39,j.tan
1278,In Test,Done,2026-01-05 03:49:14,j.tan
1278,Done,Released,2026-01-07 09:00:00,m.okafor
1279,,Backlog,2025-12-23 11:22:25,m.okafor
1279,Backlog,Waiting for In Progress,2025-12-29 01:25:38,m.okafor
1279,Waiting for In Progress,In Progress,02/01/2026 15:16,m.okafor
1279,In Progress,Waiting for Test,2026-01-02 23:19:17,m.okafor
1279,Waiting for Test,In Test,2026-01-05 22:05:13,j.tan
1279,In Test,Done,06/01/2026 04:18,j.tan
1279,Done,Released,2026-01-07 09:00:00,r.silva
1280,,Backlog,2025-12-24 04:51:28,j.tan
1280,Backlog,Waiting for In Progress,2025-12-29 07:14:31,j.tan
1280,Waiting for In Progress,In Progress,2025-12-30 22:43:07,m.okafor
1280,In Progress,Waiting for Test,2025-12-31 04:47:32,r.silva
1280,Waiting for Test,In Test,2025-12-31 12:53:03,m.okafor
1280,In Test,Done,2025-12-31 19:27:03,m.okafor
1280,Done,Released,2026-01-07 09:00:00,r.silva
1281,,Backlog,2025-12-22 18:37:16,m.okafor
1281,Backlog,Waiting for In Progress,2025-12-25 19:21:50,m.okafor
1281,Waiting for In Progress,In Progress,2025-12-26 04:52:40,j.tan
1281,In Progress,Waiting for Test,2025-12-29 02:33:02,j.tan
1281,Waiting for Test,In Test,2025-12-30 06:26:38,j.tan
1281,In Test,Done,2025-12-30 14:47:27,j.tan
1281,Done,Released,2025-12-31 09:00:00,m.okafor
1282,,Backlog,2025-12-23 23:04:41,m.okafor
1282,Backlog,Waiting for In Progress,2025-12-24 17:52:39,r.silva
1282,Waiting for In Progress,In Progress,2025-12-25 17:28:17,r.silva
1282,In Progress,Waiting for Test,2025-12-25 23:06:15,r.silva
1282,Waiting for Test,In Test,2025-12-29 11:06:22,j.tan
1282,In Test,Done,2025-12-29 20:44:31,j.tan
1282,Done,Released,2025-12-31 09:00:00,j.tan
1283,,Backlog,2025-12-23 18:06:34,j.tan
1283,Backlog,Waiting for In Progress,2025-12-26 21:35:10,j.tan
1283,Waiting for In Progress,In Progress,2025-12-29 11:41:40,r.silva
1283,In Progress,Waiting for Test,2025-12-30 05:07:22,j.tan
1283,Waiting for Test,In Test,2025-12-30 18:07:14,r.silva
1283,In Test,Done,2025-12-30 21:52:40,r.silva
1283,Done,Released,2025-12-31 09:00:00,j.tan
1284,,Backlog,2025-12-22 14:26:22,l.moreau
1284,Backlog,Waiting for In Progress,2025-12-24 02:36:24,d.byrne
1284,Waiting for In Progress,In Progress,2025-12-29 07:39:28,d.byrne
1284,In Progress,Waiting for Test,2025-12-29 15:42:18,l.moreau
1284,Waiting for Test,In Test,2025-12-30 11:11:28,d.byrne
1284,In Test,Done,2025-12-31 00:27:35,l.moreau
1284,Done,Released,2025-12-31 09:00:00,l.moreau
1285,,Backlog,2025-12-23 12:39:54,d.byrne
1285,Backlog,Waiting for In Progress,2025-12-25 00:35:19,d.byrne
1285,Waiting for In Progress,In Progress,2025-12-29 22:45:19,l.moreau
1285,In Progress,Waiting for Test,2025-12-30 06:20:22,d.byrne
1285,Waiting for Test,In Test,2026-01-01 20:40:13,l.moreau
1285,In Test,Done,2026-01-02 05:36:16,d.byrne
1285,Done,Released,2026-01-07 09:00:00,d.byrne
1286,,Backlog,2025-12-24 15:20:20,l.moreau
1286,Backlog,Waiting for In Progress,2025-12-25 23:52:37,d.byrne
1286,Waiting for In Progress,In Progress,2025-12-29 07:53:25,d.byrne
1286,In Progress,Waiting for Test,2025-12-29 13:23:19,l.moreau
1286,Waiting for Test,In Test,2025-12-31 03:14:36,l.moreau
1286,In Test,Done,2025-12-31 04:49:44,l.moreau
1286,Done,Released,31/12/2025 09:00,d.byrne
1287,,Backlog,2025-12-22 13:20:50,l.moreau
1287,Backlog,Waiting for In Progress,2025-12-25 21:12:22,l.moreau
1287,Waiting for In Progress,In Progress,29/12/2025 22:00,l.moreau
1287,In Progress,Waiting for Test,2025-12-30 22:17:51,l.moreau
1287,Waiting for Test,In Test,2026-01-02 21:46:18,l.moreau
1287,In Test,Done,2026-01-05 14:21:43,d.byrne
1287,Done,Released,2026-01-07 09:00:00,l.moreau
1288,,Backlog,2025-12-18 14:34:46,d.byrne
1288,Backlog,Waiting for In Progress,2025-12-22 01:16:38,l.moreau
1289,,Backlog,2025-12-22 04:46:31,d.byrne
1289,Backlog,Waiting for In Progress,2025-12-25 13:32:12,l.moreau
1289,Waiting for In Progress,In Progress,2025-12-29 06:06:23,d.byrne
1289,In Progress,Waiting for Test,2025-12-30 05:56:38,l.moreau
1289,Waiting for Test,In Test,2026-01-02 07:48:20,l.moreau
1289,In Test,Done,2026-01-02 11:38:53,d.byrne
1289,Done,Released,2026-01-07 09:00:00,d.byrne
1290,,Backlog,2025-12-22 10:03:30,d.byrne
1290,Backlog,Waiting for In Progress,2025-12-23 03:19:36,l.moreau
1290,Waiting for In Progress,In Progress,2025-12-29 00:55:33,d.byrne
1290,In Progress,Waiting for Test,2025-12-29 23:35:22,l.moreau
1290,Waiting for Test,In Test,2026-01-01 21:52:02,l.moreau
1290,In Test,Done,2026-01-01 23:31:46,d.byrne
1290,Done,Released,2026-01-07 09:00:00,l.moreau
1291,,Backlog,23/12/2025 20:34,l.moreau
1291,Backlog,Waiting for In Progress,2025-12-24 18:25:16,l.moreau
1291,Waiting for In Progress,In Progress,2025-12-29 13:04:52,d.byrne
1291,In Progress,Waiting for Test,2025-12-29 21:07:32,d.byrne
1291,Waiting for Test,In Test,2026-01-01 17:27:43,l.moreau
1291,In Test,Done,2026-01-01 22:24:54,d.byrne
1291,Done,Released,2026-01-07 09:00:00,d.byrne
1292,,Backlog,2025-12-22 14:24:15,l.moreau
1292,Backlog,Waiting for In Progress,23/12/2025 10:33,d.byrne
1292,Waiting for In Progress,In Progress,2025-12-25 18:00:41,d.byrne
1292,In Progress,Waiting for Test,2025-12-26 15:46:43,d.byrne
1292,Waiting for Test,In Test,2025-12-29 10:55:43,l.moreau
1292,In Test,Done,2025-12-29 15:25:41,d.byrne
1292,Done,Released,2025-12-31 09:00:00,l.moreau
1293,,Backlog,2025-12-23 12:35:24,d.byrne
1293,Backlog,Waiting for In Progress,2025-12-25 16:28:38,l.moreau
1293,Waiting for In Progress,In Progress,2025-12-30 08:07:21,d.byrne
1293,In Progress,Waiting for Test,2025-12-30 15:03:41,l.moreau
1293,Waiting for Test,In Test,2025-12-31 19:52:03,l.moreau
1293,In Test,Done,2026-01-01 00:05:06,l.moreau
1293,Done,Released,2026-01-07 09:00:00,d.byrne
1294,,Backlog,19/12/2025 13:02,s.rossi
1294,Backlog,Waiting for In Progress,2025-12-22 08:01:47,a.kowalski
1294,Waiting for In Progress,In Progress,2025-12-26 01:43:04,p.nair
1294,In Progress,Waiting for Test,2025-12-26 05:54:25,a.kowalski
1294,Waiting for Test,In Test,2025-12-26 18:52:32,s.rossi
1294,In Test,Done,2025-12-26 23:52:25,s.rossi
1294,Done,Released,2025-12-31 09:00:00,a.kowalski
1295,,Backlog,2025-12-19 00:13:39,s.rossi
1295,Backlog,Waiting for In Progress,2025-12-22 00:42:22,s.rossi
1295,Waiting for In Progress,In Progress,2025-12-24 09:28:10,s.rossi
1295,In Progress,Waiting for Test,2025-12-24 19:35:43,s.rossi
1295,Waiting for Test,In Test,2025-12-29 03:44:12,a.kowalski
1295,In Test,Done,2025-12-29 13:35:51,s.rossi
1295,Done,Released,2025-12-31 09:00:00,a.kowalski
1296,,Backlog,2025-12-23 00:28:09,s.rossi
1296,Backlog,Waiting for In Progress,2025-12-24 10:39:52,s.rossi
1296,Waiting for In Progress,In Progress,2025-12-29 00:43:06,a.kowalski
1296,In Progress,Waiting for Test,2025-12-29 17:48:31,s.rossi
1296,Waiting for Test,In Test,29/12/2025 23:51,p.nair
1296,In Test,Done,2025-12-30 05:54:54,s.rossi
1296,Done,Released,2025-12-31 09:00:00,p.nair
1297,,Backlog,2025-12-23 02:41:27,p.nair
1297,Backlog,Waiting for In Progress,25/12/2025 14:49,p.nair
1297,Waiting for In Progress,In Progress,2025-12-29 02:03:40,s.rossi
1297,In Progress,Waiting for Test,2025-12-29 07:28:41,p.nair
1297,Waiting for Test,In Test,2025-12-31 05:28:07,a.kowalski
1297,In Test,Done,2025-12-31 10:14:32,p.nair
1297,Done,Released,2026-01-07 09:00:00,p.nair
1298,,Backlog,2025-12-24 16:19:45,a.kowalski
1298,Backlog,Waiting for In Progress,2025-12-26 22:05:05,p.nair
1298,Waiting for In Progress,In Progress,2025-12-29 12:02:58,a.kowalski
1298,In Progress,Waiting for Test,2025-12-29 23:40:11,a.kowalski
1298,Waiting for Test,In Test,2025-12-31 02:50:31,s.rossi
1298,In Test,Done,2025-12-31 14:52:45,s.rossi
1298,Done,Released,2026-01-07 09:00:00,a.kowalski
1299,,Backlog,22/12/2025 17:24,a.kowalski
1299,Backlog,Waiting for In Progress,2025-12-23 04:38:48,a.kowalski
1299,Waiting for In Progress,In Progress,2025-12-23 17:59:38,p.nair
1299,In Progress,Waiting for Test,2025-12-24 09:14:13,a.kowalski
1299,Waiting for Test,In Test,2025-12-26 19:15:47,a.kowalski
1299,In Test,Done,2025-12-29 03:02:36,s.rossi
1299,Done,Released,2025-12-31 09:00:00,a.kowalski
1300,,Backlog,2025-12-24 03:37:01,s.rossi
1300,Backlog,Waiting for In Progress,2025-12-25 16:20:22,a.kowalski
1300,Waiting for In Progress,In Progress,2025-12-30 05:45:50,a.kowalski
1300,In Progress,Waiting for Test,2025-12-30 10:05:42,p.nair
1300,Waiting for Test,In Test,2025-12-31 05:03:30,s.rossi
1300,In Test,Done,2025-12-31 08:35:26,s.rossi
1300,Done,Released,2025-12-31 09:00:00,a.kowalski
1301,,Backlog,2025-12-23 18:24:44,c.mendes
1301,Backlog,Waiting for In Progress,2025-12-24 20:05:12,c.mendes
1301,Waiting for In Progress,In Progress,2025-12-29 02:47:01,c.mendes
1301,In Progress,Waiting for Test,2025-12-29 10:49:41,h.ozturk
1301,Waiting for Test,In Test,2025-12-31 22:31:35,c.mendes
1301,In Test,Done,2026-01-01 22:00:28,c.mendes
1301,Done,Released,07/01/2026 09:00,c.mendes
1302,,Backlog,2025-12-19 10:52:00,h.ozturk
1302,Backlog,Waiting for In Progress,2025-12-19 22:47:08,c.mendes
1302,Waiting for In Progress,In Progress,2025-12-22 10:05:48,c.mendes
1302,In Progress,Waiting for Test,23/12/2025 07:39,h.ozturk
1302,Waiting for Test,In Test,2025-12-24 15:48:17,h.ozturk
1302,In Test,Done,2025-12-24 18:04:31,c.mendes
1302,Done,Released,2025-12-31 09:00:00,h.ozturk
1303,,Backlog,2025-12-22 06:04:31,c.mendes
1303,Backlog,Waiting for In Progress,2025-12-23 17:10:18,c.mendes
1303,Waiting for In Progress,In Progress,2025-12-29 05:54:07,c.mendes
1303,In Progress,Waiting for Test,2025-12-29 10:17:37,c.mendes
1303,Waiting for Test,In Test,2025-12-29 21:49:25,c.mendes
1303,In Test,Done,2025-12-30 09:00:46,h.ozturk
1303,Done,Released,2025-12-31 09:00:00,c.mendes
1304,,Backlog,2025-12-19 19:09:16,c.mendes
1304,Backlog,Waiting for In Progress,2025-12-22 21:14:03,c.mendes
1304,Waiting for In Progress,In Progress,2025-12-26 17:29:19,h.ozturk
1304,In Progress,Waiting for Test,29/12/2025 01:39,c.mendes
1304,Waiting for Test,In Test,2025-12-31 00:26:43,c.mendes
1304,In Test,Done,2025-12-31 09:21:36,h.ozturk
1304,Done,In Progress,2026-01-05 08:35:02,h.ozturk
1304,In Progress,Waiting for Test,2026-01-05 12:24:31,h.ozturk
1304,Waiting for Test,In Test,2026-01-07 18:08:25,c.mendes
1304,In Test,Done,2026-01-07 20:09:04,h.ozturk
1304,Done,Released,2026-01-21 09:00:00,h.ozturk
1305,,Backlog,2025-12-24 00:10:34,h.ozturk
1305,Backlog,Waiting for In Progress,2025-12-24 23:53:49,h.ozturk
1305,Waiting for In Progress,In Progress,2025-12-26 13:20:21,c.mendes
1305,In Progress,Waiting for Test,2025-12-29 06:12:19,c.mendes
1305,Waiting for Test,In Test,2025-12-30 09:01:59,c.mendes
1305,In Test,Done,30/12/2025 16:55,h.ozturk
1305,Done,In Progress,02/01/2026 22:39,c.mendes
1305,In Progress,Waiting for Test,2026-01-05 04:18:15,c.mendes
1305,Waiting for Test,In Test,2026-01-07 13:51:12,h.ozturk
1305,In Test,Done,2026-01-07 18:37:34,c.mendes
1305,Done,Released,2026-01-21 09:00:00,h.ozturk
1305,In Progress,Waiting for Test,2026-01-05 04:18:15,c.mendes
1305,Waiting for In Progress,In Progress,2025-12-26 13:20:21,c.mendes
1306,,Backlog,2025-12-24 03:07:05,c.mendes
1306,Backlog,Waiting for In Progress,2025-12-29 17:51:06,c.mendes
1306,Waiting for In Progress,In Progress,2026-01-02 05:15:44,h.ozturk
1306,In Progress,Waiting for Test,2026-01-02 16:33:01,c.mendes
1306,Waiting for Test,In Test,2026-01-05 16:33:41,h.ozturk
1306,In Test,Done,05/01/2026 19:14,c.mendes
1306,Done,Released,2026-01-07 09:00:00,h.ozturk
1307,,Backlog,2025-12-23 13:19:41,h.ozturk
1307,Backlog,Waiting for In Progress,2025-12-24 15:10:41,h.ozturk
1307,Waiting for In Progress,In Progress,29/12/2025 14:26,h.ozturk
1307,In Progress,Waiting for Test,2025-12-30 03:27:05,h.ozturk
1307,Waiting for Test,In Test,2025-12-30 17:03:51,c.mendes
1307,In Test,Done,2025-12-30 20:46:50,c.mendes
1307,Done,Released,2025-12-31 09:00:00,c.mendes
1308,,Backlog,2025-12-22 18:11:28,h.ozturk
1308,Backlog,Waiting for In Progress,2025-12-24 10:38:23,h.ozturk
1308,Waiting for In Progress,In Progress,2025-12-29 09:29:31,h.ozturk
1308,In Progress,Waiting for Test,2025-12-29 18:01:09,c.mendes
1308,Waiting for Test,In Test,2026-01-01 00:03:44,h.ozturk
1308,In Test,Done,2026-01-01 09:17:02,c.mendes
1308,Done,Released,2026-01-07 09:00:00,c.mendes
1309,,Backlog,2025-12-22 20:14:21,h.ozturk
1309,Backlog,Waiting for In Progress,2025-12-23 13:06:30,c.mendes
1309,Waiting for In Progress,In Progress,2025-12-25 04:04:41,h.ozturk
1309,In Progress,Waiting for Test,2025-12-26 08:55:17,c.mendes
1309,Waiting for Test,In Test,2025-12-29 04:02:16,c.mendes
1309,In Test,Done,2025-12-29 08:36:24,c.mendes
1309,Done,Released,2025-12-31 09:00:00,h.ozturk
1310,,Backlog,2025-12-22 06:52:51,c.mendes
1310,Backlog,Waiting for In Progress,2025-12-22 17:55:34,h.ozturk
1310,Waiting for In Progress,In Progress,2025-12-26 11:36:53,h.ozturk
1310,In Progress,Waiting for Test,2025-12-29 00:00:50,c.mendes
1310,Waiting for Test,In Test,2025-12-29 11:08:44,h.ozturk
1310,In Test,Done,2025-12-30 07:29:00,h.ozturk
1310,Done,Released,2025-12-31 09:00:00,c.mendes
1311,,Backlog,2025-12-22 19:18:45,c.mendes
1311,Backlog,Waiting for In Progress,2025-12-26 09:38:40,h.ozturk
1311,In Progress,Waiting for Test,2025-12-31 12:02:47,c.mendes
1311,Waiting for Test,In Test,01/01/2026 15:30,h.ozturk
1311,In Test,Done,02/01/2026 17:56,h.ozturk
1311,Done,Released,2026-01-07 09:00:00,h.ozturk
1312,,Backlog,2026-01-06 14:52:57,r.silva
1312,Backlog,Waiting for In Progress,2026-01-12 08:07:34,j.tan
1312,Waiting for In Progress,In Progress,2026-01-14 12:29:08,j.tan
1312,In Progress,Waiting for Test,14/01/2026 17:10,j.tan
1312,Waiting for Test,In Test,2026-01-16 00:48:29,r.silva
1312,In Test,Done,2026-01-16 05:12:27,m.okafor
1312,Done,Released,2026-01-21 09:00:00,j.tan
1313,,Backlog,2026-01-02 13:53:35,m.okafor
1313,Backlog,Waiting for In Progress,2026-01-02 23:10:27,j.tan
1313,Waiting for In Progress,In Progress,2026-01-06 10:14:05,r.silva
1313,In Progress,Waiting for Test,2026-01-07 08:27:25,j.tan
1313,Waiting for Test,In Test,2026-01-08 16:18:29,j.tan
1313,In Test,Done,2026-01-08 20:07:48,j.tan
1313,Done,Released,2026-01-21 09:00:00,r.silva
1314,,Backlog,2026-01-06 13:37:17,r.silva
1314,Backlog,Waiting for In Progress,2026-01-07 06:54:30,j.tan
1314,Waiting for In Progress,In Progress,2026-01-08 15:56:14,r.silva
1314,In Progress,Waiting for Test,2026-01-09 01:41:34,j.tan
1314,Waiting for Test,In Test,2026-01-12 05:01:19,j.tan
1314,In Test,Done,2026-01-13 13:50:15,m.okafor
1314,Done,Released,2026-01-21 09:00:00,m.okafor
1315,,Backlog,2026-01-05 20:46:46,m.okafor
1315,Backlog,Waiting for In Progress,2026-01-08 17:27:14,r.silva
1315,Waiting for In Progress,In Progress,2026-01-12 05:40:10,r.silva
1315,In Progress,Waiting for Test,2026-01-14 20:14:09,m.okafor
1315,Waiting for Test,In Test,2026-01-15 19:42:53,j.tan
1315,In Test,Done,2026-01-16 07:15:33,j.tan
1315,Done,In Progress,2026-01-19 03:55:14,r.silva
1315,In Progress,Waiting for Test,2026-01-19 10:46:01,r.silva
1315,Waiting for Test,In Test,2026-01-20 03:03:32,j.tan
1315,In Test,Done,2026-01-20 10:12:44,r.silva
1315,Done,Released,2026-01-21 09:00:00,r.silva
1316,,Backlog,2026-01-06 06:59:42,j.tan
1316,Backlog,Waiting for In Progress,2026-01-08 10:51:43,j.tan
1316,Waiting for In Progress,In Progress,2026-01-12 12:41:40,m.okafor
1316,In Progress,Waiting for Test,2026-01-12 21:43:13,r.silva
1316,Waiting for Test,In Test,2026-01-14 23:34:05,r.silva
1316,In Test,Done,2026-01-15 11:44:20,m.okafor
1316,Done,Released,2026-01-21 09:00:00,j.tan
1317,,Backlog,2026-01-07 01:06:33,j.tan
1317,Backlog,Waiting for In Progress,2026-01-08 20:33:34,j.tan
1317,Waiting for In Progress,In Progress,2026-01-12 17:00:16,m.okafor
1317,In Progress,Waiting for Test,2026-01-12 22:40:33,m.okafor
1317,Waiting for Test,In Test,2026-01-15 22:54:05,j.tan
1317,In Test,Done,2026-01-16 03:15:13,j.tan
1317,Done,In Progress,2026-01-19 04:59:14,m.okafor
1317,In Progress,Waiting for Test,2026-01-19 19:37:52,j.tan
1317,Waiting for Test,In Test,2026-01-21 11:17:41,m.okafor
1317,In Test,Done,2026-01-21 17:55:41,m.okafor
1317,Done,Released,2026-01-28 09:00:00,m.okafor
1318,,Backlog,2026-01-07 03:46:34,m.okafor
1318,Backlog,Waiting for In Progress,2026-01-09 16:55:38,j.tan
1318,Waiting for In Progress,In Progress,2026-01-12 10:37:14,m.okafor
1318,In Progress,Waiting for Test,2026-01-12 17:51:09,m.okafor
1318,Waiting for Test,In Test,2026-01-14 18:06:01,m.okafor
1318,In Test,Done,2026-01-15 08:01:53,r.silva
1318,Done,In Progress,2026-01-19 08:03:59,r.silva
1318,In Progress,Waiting for Test,19/01/2026 16:40,m.okafor
1318,Waiting for Test,In Test,2026-01-21 09:26:03,r.silva
1318,In Test,Done,2026-01-21 12:32:07,r.silva
1318,Done,Released,2026-01-28 09:00:00,m.okafor
1319,,Backlog,2026-01-05 18:29:21,m.okafor
1319,Backlog,Waiting for In Progress,2026-01-07 04:12:32,j.tan
1320,,Backlog,2026-01-05 21:41:19,m.okafor
1320,Backlog,Waiting for In Progress,2026-01-06 02:47:24,j.tan
1320,Waiting for In Progress,In Progress,2026-01-12 10:13:15,m.okafor
1320,In Progress,Waiting for Test,2026-01-12 18:53:23,r.silva
1320,Waiting for Test,In Test,2026-01-15 05:21:42,j.tan
1320,In Test,Done,2026-01-15 14:14:10,r.silva
1320,Done,Released,2026-01-21 09:00:00,r.silva
1321,,Backlog,2026-01-05 18:24:03,j.tan
1321,Backlog,Waiting for In Progress,2026-01-09 09:17:55,m.okafor
1321,Waiting for In Progress,In Progress,2026-01-12 12:04:36,r.silva
1321,In Progress,Waiting for Test,2026-01-12 22:13:12,j.tan
1321,Waiting for Test,In Test,2026-01-15 03:33:48,m.okafor
1321,In Test,Done,2026-01-15 14:32:29,r.silva
1321,Done,In Progress,2026-01-16 13:08:09,j.tan
1321,In Progress,Waiting for Test,2026-01-16 18:34:06,j.tan
1321,Waiting for Test,In Test,2026-01-19 23:16:22,j.tan
1321,In Test,Done,2026-01-20 09:34:41,j.tan
1321,Done,Released,2026-01-21 09:00:00,m.okafor
1322,,Backlog,2026-01-06 19:23:55,j.tan
1322,Backlog,Waiting for In Progress,2026-01-07 10:54:11,r.silva
1322,Waiting for In Progress,In Progress,2026-01-12 16:08:37,j.tan
1322,In Progress,Waiting for Test,2026-01-12 23:20:39,r.silva
1322,Waiting for Test,In Test,2026-01-13 15:40:03,r.silva
1322,In Test,Done,2026-01-13 21:13:10,m.okafor
1322,Done,Released,2026-01-21 09:00:00,r.silva
1323,,Backlog,2026-01-06 02:05:09,r.silva
1323,Backlog,Waiting for In Progress,2026-01-08 16:06:15,r.silva
1323,Waiting for In Progress,In Progress,2026-01-09 01:00:19,j.tan
1323,In Progress,Waiting for Test,2026-01-09 08:52:19,j.tan
1323,Waiting for Test,In Test,2026-01-12 05:10:08,m.okafor
1323,In Test,Done,2026-01-12 12:55:17,r.silva
1323,Done,In Progress,16/01/2026 04:30,j.tan
1323,In Progress,Waiting for Test,2026-01-16 08:07:05,r.silva
1323,Waiting for Test,In Test,2026-01-19 14:25:16,r.silva
1323,In Test,Done,2026-01-19 20:04:34,m.okafor
1323,Done,Released,2026-01-21 09:00:00,j.tan
1324,,Backlog,2026-01-05 22:00:55,l.moreau
1324,Backlog,Waiting for In Progress,2026-01-08 06:10:51,d.byrne
1324,Waiting for In Progress,In Progress,2026-01-12 13:21:44,l.moreau
1324,In Progress,Waiting for Test,2026-01-12 21:42:32,l.moreau
1324,Waiting for Test,In Test,2026-01-14 18:08:52,l.moreau
1324,In Test,Done,2026-01-15 23:18:01,d.byrne
1324,Done,Released,2026-01-21 09:00:00,d.byrne
1325,,Backlog,2026-01-06 06:02:59,d.byrne
1325,Backlog,Waiting for In Progress,2026-01-09 02:28:04,l.moreau
1325,Waiting for In Progress,In Progress,2026-01-12 18:21:27,l.moreau
1325,In Progress,Waiting for Test,2026-01-12 21:37:31,d.byrne
1326,,Backlog,2026-01-02 07:22:27,l.moreau
1326,Backlog,Waiting for In Progress,2026-01-05 07:01:11,d.byrne
1326,Waiting for In Progress,In Progress,2026-01-05 15:24:29,d.byrne
1326,In Progress,Waiting for Test,2026-01-05 18:50:43,l.moreau
1326,Waiting for Test,In Test,2026-01-07 18:12:14,l.moreau
1326,In Test,Done,2026-01-08 12:09:44,l.moreau
1326,Done,Released,2026-01-21 09:00:00,d.byrne
1327,,Backlog,2026-01-05 18:43:51,d.byrne
1327,Backlog,Waiting for In Progress,2026-01-07 14:59:56,l.moreau
1327,Waiting for In Progress,In Progress,2026-01-12 09:55:32,l.moreau
1327,In Progress,Waiting for Test,12/01/2026 15:27,d.byrne
1327,Waiting for Test,In Test,2026-01-14 09:54:45,l.moreau
1327,In Test,Done,2026-01-14 19:26:57,d.byrne
1327,Done,Released,21/01/2026 09:00,l.moreau
1328,,Backlog,2026-01-05 23:07:04,l.moreau
1328,Backlog,Waiting for In Progress,2026-01-07 08:45:14,l.moreau
1328,Waiting for In Progress,In Progress,2026-01-12 00:19:01,l.moreau
1328,In Progress,Waiting for Test,2026-01-12 23:27:54,d.byrne
1328,Waiting for Test,In Test,2026-01-15 17:44:52,l.moreau
1328,In Test,Done,2026-01-16 02:47:21,d.byrne
1328,Done,Released,2026-01-21 09:00:00,l.moreau
1329,,Backlog,07/01/2026 16:39,d.byrne
1329,Backlog,Waiting for In Progress,2026-01-08 18:24:31,d.byrne
1329,Waiting for In Progress,In Progress,2026-01-13 02:35:31,l.moreau
1330,,Backlog,2026-01-01 12:49:35,d.byrne
1330,Backlog,Waiting for In Progress,2026-01-05 05:07:13,d.byrne
1330,Waiting for In Progress,In Progress,2026-01-06 18:19:53,l.moreau
1330,In Progress,Waiting for Test,2026-01-07 13:20:24,d.byrne
1330,Waiting for Test,In Test,2026-01-09 16:21:42,d.byrne
1330,In Test,Done,2026-01-12 00:06:34,d.byrne
1330,Done,Released,2026-01-21 09:00:00,l.moreau
1331,,Backlog,2026-01-05 08:06:08,d.byrne
1331,Backlog,Waiting for In Progress,2026-01-06 11:19:05,d.byrne
1331,Waiting for In Progress,In Progress,2026-01-08 06:45:14,d.byrne
1331,In Progress,Waiting for Test,2026-01-08 12:02:55,l.moreau
1331,Waiting for Test,In Test,2026-01-12 11:50:45,l.moreau
1331,In Test,Done,2026-01-12 15:16:27,l.moreau
1331,Done,Released,2026-01-21 09:00:00,d.byrne
1332,,Backlog,2026-01-02 20:57:47,l.moreau
1332,Backlog,Waiting for In Progress,2026-01-05 04:05:32,d.byrne
1332,Waiting for In Progress,In Progress,2026-01-08 07:57:10,l.moreau
1332,In Progress,Waiting for Test,2026-01-08 16:16:05,l.moreau
1332,Waiting for Test,In Test,2026-01-12 00:38:09,d.byrne
1332,In Test,Done,2026-01-12 11:18:17,d.byrne
1332,Done,Released,2026-01-21 09:00:00,l.moreau
1333,,Backlog,2026-01-02 06:42:19,s.rossi
1333,Backlog,Waiting for In Progress,2026-01-05 16:12:47,s.rossi
1333,Waiting for In Progress,In Progress,2026-01-06 23:20:27,s.rossi
1333,In Progress,Waiting for Test,2026-01-07 23:53:24,s.rossi
1333,Waiting for Test,In Test,2026-01-12 07:10:07,s.rossi
1333,In Test,Done,2026-01-12 12:26:23,a.kowalski
1333,Done,Released,2026-01-21 09:00:00,p.nair
1334,,Backlog,2026-01-02 06:13:44,p.nair
1334,Backlog,Waiting for In Progress,2026-01-05 00:20:25,a.kowalski
1334,Waiting for In Progress,In Progress,2026-01-09 08:50:33,p.nair
1334,In Progress,Waiting for Test,2026-01-12 16:35:41,p.nair
1334,Waiting for Test,In Test,2026-01-15 12:47:07,p.nair
1334,In Test,Done,2026-01-16 00:41:00,a.kowalski
1334,Done,Released,21/01/2026 09:00,a.kowalski
1335,,Backlog,2026-01-05 20:26:03,p.nair
1335,Backlog,Waiting for In Progress,2026-01-06 16:43:11,s.rossi
1335,Waiting for In Progress,In Progress,2026-01-12 10:30:11,p.nair
1335,In Progress,Waiting for Test,2026-01-12 18:38:35,p.nair
1335,Waiting for Test,In Test,2026-01-13 07:55:16,p.nair
1335,In Test,Done,2026-01-13 11:16:19,a.kowalski
1335,Done,In Progress,2026-01-15 10:31:38,p.nair
1335,In Progress,Waiting for Test,2026-01-15 20:58:08,a.kowalski
1335,Waiting for Test,In Test,2026-01-16 02:23:39,a.kowalski
1335,In Test,Done,2026-01-16 04:53:15,p.nair
1335,Done,Released,2026-01-21 09:00:00,a.kowalski
1336,,Backlog,2026-01-05 14:34:00,a.kowalski
1336,Backlog,Waiting for In Progress,2026-01-07 19:42:02,p.nair
1336,Waiting for In Progress,In Progress,2026-01-12 11:20:50,p.nair
1336,In Progress,Waiting for Test,2026-01-12 16:30:35,p.nair
1336,Waiting for Test,In Test,2026-01-14 11:28:22,a.kowalski
1336,In Test,Done,2026-01-14 16:32:10,s.rossi
1336,Done,Released,2026-01-21 09:00:00,a.kowalski
1337,,Backlog,2026-01-05 21:08:19,a.kowalski
1337,Backlog,Waiting for In Progress,08/01/2026 02:13,a.kowalski
1337,Waiting for In Progress,In Progress,2026-01-12 23:48:57,a.kowalski
1337,In Progress,Waiting for Test,2026-01-13 13:31:02,s.rossi
1337,Waiting for Test,In Test,2026-01-15 12:40:34,a.kowalski
1337,In Test,Done,2026-01-15 19:25:57,p.nair
1337,Done,Released,2026-01-21 09:00:00,s.rossi
1338,,Backlog,2026-01-02 07:00:59,a.kowalski
1338,Backlog,Waiting for In Progress,2026-01-05 18:16:00,p.nair
1338,Waiting for In Progress,In Progress,2026-01-07 17:35:00,a.kowalski
1338,In Progress,Waiting for Test,2026-01-08 13:20:33,a.kowalski
1338,Waiting for Test,In Test,2026-01-09 11:54:55,a.kowalski
1338,In Test,Done,2026-01-09 22:56:01,a.kowalski
1338,Done,Released,2026-01-21 09:00:00,a.kowalski
1339,,Backlog,2026-01-06 22:46:43,s.rossi
1339,Backlog,Waiting for In Progress,2026-01-09 00:36:22,p.nair
1339,Waiting for In Progress,In Progress,2026-01-12 22:57:50,a.kowalski
1339,In Progress,Waiting for Test,2026-01-13 04:37:56,p.nair
1339,Waiting for Test,In Test,2026-01-15 11:37:13,s.rossi
1339,In Test,Done,2026-01-16 00:41:39,s.rossi
1339,Done,Released,2026-01-21 09:00:00,p.nair
1340,,Backlog,2026-01-07 14:45:13,p.nair
1340,Backlog,Waiting for In Progress,2026-01-09 12:05:08,a.kowalski
1340,Waiting for In Progress,In Progress,2026-01-12 01:36:33,p.nair
1340,In Progress,Waiting for Test,2026-01-12 15:11:32,a.kowalski
1340,Waiting for Test,In Test,2026-01-14 05:52:47,a.kowalski
1340,In Test,Done,2026-01-14 11:43:40,s.rossi
1340,Done,In Progress,2026-01-19 00:56:56,s.rossi
1340,In Progress,Waiting for Test,2026-01-19 09:56:01,a.kowalski
1340,Waiting for Test,In Test,2026-01-20 08:45:22,p.nair
1340,In Test,Done,2026-01-20 17:10:39,s.rossi
1340,Done,Released,2026-01-21 09:00:00,s.rossi
1341,,Backlog,2026-01-06 12:15:11,s.rossi
1341,Backlog,Waiting for In Progress,2026-01-08 06:11:27,p.nair
1341,Waiting for In Progress,In Progress,2026-01-12 08:00:42,s.rossi
1341,In Progress,Waiting for Test,2026-01-12 16:20:31,a.kowalski
1341,Waiting for Test,In Test,2026-01-15 07:10:29,p.nair
1341,In Test,Done,2026-01-15 15:37:06,p.nair
1341,Done,In Progress,2026-01-16 09:32:13,s.rossi
1341,In Progress,Waiting for Test,2026-01-16 12:20:19,a.kowalski
1341,Waiting for Test,In Test,2026-01-19 22:06:12,p.nair
1341,In Test,Done,2026-01-20 00:49:01,p.nair
1341,Done,Released,2026-01-21 09:00:00,a.kowalski
1342,,Backlog,2026-01-06 09:53:49,a.kowalski
1342,Backlog,Waiting for In Progress,2026-01-06 15:53:48,p.nair
1342,Waiting for In Progress,In Progress,2026-01-07 22:08:23,p.nair
1342,In Progress,Waiting for Test,2026-01-08 15:02:45,p.nair
1342,Waiting for Test,In Test,2026-01-09 18:02:40,p.nair
1342,In Test,Done,2026-01-09 21:38:38,a.kowalski
1342,Done,Released,2026-01-21 09:00:00,a.kowalski
1343,,Backlog,2026-01-06 14:18:47,s.rossi
1343,Backlog,Waiting for In Progress,2026-01-08 04:47:42,s.rossi
1343,Waiting for In Progress,In Progress,2026-01-09 23:11:14,a.kowalski
1343,In Progress,Waiting for Test,2026-01-12 07:54:40,p.nair
1343,Waiting for Test,In Test,2026-01-15 00:05:42,s.rossi
1343,In Test,Done,2026-01-15 06:43:06,p.nair
1343,Done,Released,21/01/2026 09:00,a.kowalski
1344,,Backlog,2026-01-06 18:30:43,c.mendes
1344,Backlog,Waiting for In Progress,2026-01-08 06:35:08,h.ozturk
1344,Waiting for In Progress,In Progress,2026-01-09 03:39:34,h.ozturk
1344,In Progress,Waiting for Test,2026-01-09 07:11:45,h.ozturk
1344,Waiting for Test,In Test,2026-01-12 11:22:10,h.ozturk
1344,In Test,Done,2026-01-12 16:08:11,h.ozturk
1344,Done,Released,2026-01-21 09:00:00,h.ozturk
1344,,Backlog,2026-01-06 18:30:43,c.mendes
1345,,Backlog,2026-01-06 21:27:39,h.ozturk
1345,Backlog,Waiting for In Progress,2026-01-07 14:56:39,h.ozturk
1345,Waiting for In Progress,In Progress,2026-01-08 04:07:29,h.ozturk
1345,In Progress,Waiting for Test,2026-01-09 09:23:29,h.ozturk
1345,Waiting for Test,In Test,2026-01-12 23:23:27,h.ozturk
1345,In Test,Done,2026-01-13 02:23:10,h.ozturk
1345,Done,Released,2026-01-21 09:00:00,h.ozturk
1346,,Backlog,2026-01-05 13:32:44,c.mendes
1346,Backlog,Waiting for In Progress,2026-01-06 22:40:11,h.ozturk
1346,Waiting for In Progress,In Progress,2026-01-08 15:30:20,h.ozturk
1346,In Progress,Waiting for Test,2026-01-09 00:11:03,h.ozturk
1346,Waiting for Test,In Test,2026-01-12 06:23:04,h.ozturk
1346,In Test,Done,2026-01-12 14:43:59,c.mendes
1346,Done,Released,2026-01-21 09:00:00,c.mendes
1347,,Backlog,2026-01-02 16:44:50,c.mendes
1347,Backlog,Waiting for In Progress,2026-01-05 02:11:12,h.ozturk
1347,Waiting for In Progress,In Progress,2026-01-07 07:50:49,c.mendes
1347,In Progress,Waiting for Test,2026-01-07 21:14:59,h.ozturk
1347,Waiting for Test,In Test,2026-01-12 20:53:59,h.ozturk
1347,In Test,Done,2026-01-13 00:32:32,h.ozturk
1347,Done,Released,2026-01-21 09:00:00,c.mendes
1348,,Backlog,2026-01-05 22:54:38,c.mendes
1348,Backlog,Waiting for In Progress,2026-01-09 16:33:16,c.mendes
1348,Waiting for In Progress,In Progress,2026-01-13 18:39:19,c.mendes
1348,In Progress,Waiting for Test,2026-01-14 05:53:12,h.ozturk
1348,Waiting for Test,In Test,2026-01-14 18:09:21,h.ozturk
1348,In Test,Done,2026-01-15 00:46:37,h.ozturk
1348,Done,In Progress,2026-01-16 14:41:16,h.ozturk
1348,In Progress,Waiting for Test,2026-01-19 00:45:42,h.ozturk
1348,Waiting for Test,In Test,2026-01-19 21:16:59,h.ozturk
1348,In Test,Done,2026-01-20 12:30:54,c.mendes
1348,Done,Released,2026-01-21 09:00:00,h.ozturk
1349,,Backlog,2026-01-05 04:34:05,c.mendes
1349,Backlog,Waiting for In Progress,2026-01-07 08:40:47,h.ozturk
1349,Waiting for In Progress,In Progress,2026-01-12 02:42:06,c.mendes
1349,In Progress,Waiting for Test,2026-01-12 12:46:21,c.mendes
1349,Waiting for Test,In Test,2026-01-15 20:26:53,h.ozturk
1349,In Test,Done,2026-01-16 02:02:47,h.ozturk
1349,Done,Released,2026-01-21 09:00:00,h.ozturk
1350,,Backlog,2026-01-20 09:51:17,m.okafor
1350,Backlog,Waiting for In Progress,2026-01-21 23:12:32,j.tan
1350,Waiting for In Progress,In Progress,2026-01-26 07:21:06,j.tan
1350,In Progress,Waiting for Test,2026-01-26 11:34:45,m.okafor
1350,Waiting for Test,In Test,2026-01-29 14:36:54,r.silva
1350,In Test,Done,2026-01-30 07:33:48,r.silva
1350,Done,Released,2026-02-04 09:00:00,m.okafor
1351,,Backlog,2026-01-19 19:02:32,r.silva
1351,Backlog,Waiting for In Progress,2026-01-21 14:04:14,r.silva
1351,Waiting for In Progress,In Progress,2026-01-23 05:48:36,r.silva
1351,In Progress,Waiting for Test,2026-01-23 16:10:13,j.tan
1351,Waiting for Test,In Test,2026-01-26 13:52:03,j.tan
1351,In Test,Done,2026-01-26 18:14:39,j.tan
1351,Done,Released,2026-01-28 09:00:00,m.okafor
1352,,Backlog,2026-01-21 09:33:25,r.silva
1352,Backlog,Waiting for In Progress,2026-01-21 16:45:24,j.tan
1352,Waiting for In Progress,In Progress,2026-01-26 11:59:28,j.tan
1352,In Progress,Waiting for Test,2026-01-27 01:06:14,r.silva
1352,Waiting for Test,In Test,2026-01-28 16:17:50,j.tan
1352,In Test,Done,2026-01-29 04:56:00,m.okafor
1352,Done,Released,2026-02-04 09:00:00,r.silva
1353,,Backlog,2026-01-20 12:53:40,j.tan
1353,Backlog,Waiting for In Progress,2026-01-26 06:18:08,m.okafor
1353,Waiting for In Progress,In Progress,2026-01-27 00:08:26,r.silva
1353,In Progress,Waiting for Test,2026-01-27 18:37:56,r.silva
1353,Waiting for Test,In Test,2026-01-28 05:56:49,m.okafor
1353,In Test,Done,2026-01-28 12:26:02,r.silva
1353,Done,In Progress,2026-01-30 22:26:34,j.tan
1353,In Progress,Waiting for Test,2026-02-02 03:49:01,r.silva
1353,Waiting for Test,In Test,2026-02-04 01:17:16,r.silva
1353,In Test,Done,2026-02-04 11:08:02,j.tan
1353,Done,Released,2026-02-14 09:00:00,r.silva
1354,,Backlog,20/01/2026 19:17,m.okafor
1354,Backlog,Waiting for In Progress,2026-01-21 14:32:54,r.silva
1354,Waiting for In Progress,In Progress,2026-01-26 20:35:36,j.tan
1354,In Progress,Waiting for Test,2026-01-27 17:27:35,r.silva
1354,Waiting for Test,In Test,2026-01-28 18:12:05,r.silva
1354,In Test,Done,2026-01-28 21:09:55,r.silva
1354,Done,Released,2026-02-04 09:00:00,j.tan
1355,,Backlog,2026-01-19 14:33:21,r.silva
1355,Backlog,Waiting for In Progress,2026-01-21 18:42:42,m.okafor
1355,Waiting for In Progress,In Progress,2026-01-26 15:24:22,r.silva
1355,In Progress,Waiting for Test,2026-01-26 20:04:46,r.silva
1355,Waiting for Test,In Test,2026-01-27 01:32:29,j.tan
1355,In Test,Done,2026-01-27 06:38:58,r.silva
1355,Done,Released,2026-01-28 09:00:00,r.silva
1356,,Backlog,2026-01-19 23:41:51,l.moreau
1356,Backlog,Waiting for In Progress,2026-01-22 02:44:15,d.byrne
1357,,Backlog,2026-01-21 01:28:31,d.byrne
1357,Backlog,Waiting for In Progress,2026-01-22 07:58:00,l.moreau
1357,Waiting for In Progress,In Progress,2026-01-26 05:38:07,l.moreau
1357,In Progress,Waiting for Test,2026-01-26 13:55:05,d.byrne
1357,Waiting for Test,In Test,2026-01-28 14:47:55,d.byrne
1357,In Test,Done,2026-01-29 03:16:45,l.moreau
1357,Done,Released,04/02/2026 09:00,d.byrne
1358,,Backlog,2026-01-20 20:55:06,d.byrne
1358,Backlog,Waiting for In Progress,21/01/2026 05:55,l.moreau
1358,Waiting for In Progress,In Progress,2026-01-22 04:00:52,l.moreau
1358,In Progress,Waiting for Test,2026-01-22 23:34:45,l.moreau
1358,Waiting for Test,In Test,2026-01-23 16:15:20,l.moreau
1358,In Test,Done,2026-01-23 20:40:35,l.moreau
1358,Done,Released,2026-01-28 09:00:00,d.byrne
1359,,Backlog,2026-01-21 00:28:16,l.moreau
1359,Backlog,Waiting for In Progress,26/01/2026 18:23,d.byrne
1359,Waiting for In Progress,In Progress,2026-02-02 07:11:39,d.byrne
1359,In Progress,Waiting for Test,2026-02-02 16:39:06,d.byrne
1359,Waiting for Test,In Test,2026-02-04 09:03:49,d.byrne
1359,In Test,Done,04/02/2026 21:19,l.moreau
1359,Done,Released,2026-02-14 09:00:00,d.byrne
1360,,Backlog,2026-01-20 02:52:43,l.moreau
1360,Backlog,Waiting for In Progress,2026-01-22 06:48:05,l.moreau
1360,Waiting for In Progress,In Progress,2026-01-22 17:44:52,l.moreau
1360,In Progress,Waiting for Test,2026-01-23 01:27:59,d.byrne
1360,Waiting for Test,In Test,2026-01-26 14:28:59,l.moreau
1360,In Test,Done,2026-01-27 00:56:52,d.byrne
1360,Done,Released,2026-01-28 09:00:00,d.byrne
1361,,Backlog,2026-01-15 11:31:50,l.moreau
1361,Backlog,Waiting for In Progress,2026-01-19 03:23:55,l.moreau
1361,Waiting for In Progress,In Progress,2026-01-20 09:45:28,d.byrne
1361,In Progress,Waiting for Test,2026-01-20 20:50:57,l.moreau
1361,Waiting for Test,In Test,2026-01-22 04:35:52,d.byrne
1361,In Test,Done,2026-01-22 13:34:01,l.moreau
1361,Done,Released,2026-01-28 09:00:00,d.byrne
1362,,Backlog,2026-01-19 16:31:34,l.moreau
1362,Backlog,Waiting for In Progress,2026-01-21 08:32:17,l.moreau
1362,Waiting for In Progress,In Progress,2026-01-26 02:11:50,l.moreau
1362,In Progress,Waiting for Test,2026-01-26 12:21:36,d.byrne
1362,Waiting for Test,In Test,2026-01-29 01:45:39,d.byrne
1362,In Test,Done,2026-01-29 18:03:08,l.moreau
1362,Done,In Progress,2026-02-03 06:58:17,d.byrne
1362,In Progress,Waiting for Test,2026-02-04 02:44:00,l.moreau
1362,Waiting for Test,In Test,2026-02-05 01:16:41,d.byrne
1362,In Test,Done,2026-02-05 05:28:56,l.moreau
1362,Done,Released,2026-02-14 09:00:00,l.moreau
1363,,Backlog,2026-01-19 17:23:39,d.byrne
1363,Backlog,Waiting for In Progress,2026-01-22 23:39:13,l.moreau
1363,Waiting for In Progress,In Progress,2026-01-27 13:41:48,l.moreau
1363,In Progress,Waiting for Test,2026-01-28 06:23:34,l.moreau
1363,Waiting for Test,In Test,2026-01-28 16:15:12,l.moreau
1363,In Test,Done,2026-01-28 20:27:55,l.moreau
1363,Done,Released,2026-02-04 09:00:00,l.moreau
1364,,Backlog,2026-01-20 18:10:01,l.moreau
1364,Backlog,Waiting for In Progress,2026-01-23 10:10:56,l.moreau
1364,Waiting for In Progress,In Progress,2026-01-27 19:22:11,d.byrne
1364,In Progress,Waiting for Test,2026-01-29 08:02:26,l.moreau
1364,Waiting for Test,In Test,2026-02-02 00:42:34,d.byrne
1364,In Test,Done,2026-02-02 11:05:01,d.byrne
1364,Done,Released,2026-02-04 09:00:00,l.moreau
1365,,Backlog,2026-01-16 19:21:21,s.rossi
1365,Backlog,Waiting for In Progress,2026-01-20 03:47:53,p.nair
1365,Waiting for In Progress,In Progress,2026-01-22 19:01:18,a.kowalski
1365,In Progress,Waiting for Test,2026-01-23 11:11:39,s.rossi
1365,Waiting for Test,In Test,2026-01-26 13:20:54,a.kowalski
1365,In Test,Done,2026-01-26 19:16:42,s.rossi
1365,Done,Released,2026-01-28 09:00:00,p.nair
1366,,Backlog,2026-01-19 18:46:44,p.nair
1366,Backlog,Waiting for In Progress,2026-01-19 23:40:11,p.nair
1366,Waiting for In Progress,In Progress,2026-01-20 10:48:38,s.rossi
1366,In Progress,Waiting for Test,2026-01-20 22:26:17,a.kowalski
1366,Waiting for Test,In Test,2026-01-21 15:48:57,a.kowalski
1366,In Test,Done,2026-01-21 17:53:09,s.rossi
1366,Done,Released,2026-01-28 09:00:00,s.rossi
1367,,Backlog,2026-01-19 06:43:06,p.nair
1367,Backlog,Waiting for In Progress,2026-01-20 06:52:36,p.nair
1367,Waiting for In Progress,In Progress,2026-01-20 11:40:39,a.kowalski
1367,In Progress,Waiting for Test,2026-01-20 15:11:05,s.rossi
1367,Waiting for Test,In Test,2026-01-23 01:54:43,s.rossi
1367,In Test,Done,2026-01-23 14:04:57,s.rossi
1367,Done,Released,2026-01-28 09:00:00,p.nair
1368,,Backlog,2026-01-20 04:44:54,p.nair
1368,Backlog,Waiting for In Progress,2026-01-20 09:08:49,p.nair
1368,Waiting for In Progress,In Progress,2026-01-26 01:42:29,p.nair
1368,In Progress,Waiting for Test,2026-01-26 17:18:12,p.nair
1368,Waiting for Test,In Test,2026-01-28 11:26:35,s.rossi
1368,In Test,Done,2026-01-28 16:14:05,p.nair
1368,Done,Released,04/02/2026 09:00,a.kowalski
1369,,Backlog,2026-01-19 22:38:50,a.kowalski
1369,Backlog,Waiting for In Progress,2026-01-22 08:39:04,p.nair
1369,Waiting for In Progress,In Progress,2026-01-26 22:19:57,a.kowalski
1369,In Progress,Waiting for Test,2026-01-27 09:48:34,p.nair
1369,Waiting for Test,In Test,2026-01-30 06:08:00,p.nair
1369,In Test,Done,2026-01-30 11:59:25,a.kowalski
1369,Done,Released,2026-02-04 09:00:00,p.nair
1370,,Backlog,2026-01-20 02:13:13,a.kowalski
1370,Backlog,Waiting for In Progress,2026-01-23 11:16:01,p.nair
1370,Waiting for In Progress,In Progress,2026-01-26 07:50:57,a.kowalski
1370,In Progress,Waiting for Test,2026-01-26 14:50:56,a.kowalski
1370,Waiting for Test,In Test,28/01/2026 06:26,p.nair
1370,In Test,Done,2026-01-28 09:28:22,p.nair
1370,Done,Released,2026-02-04 09:00:00,p.nair
1371,,Backlog,2026-01-20 04:25:38,p.nair
1371,Backlog,Waiting for In Progress,2026-01-23 06:14:46,p.nair
1371,Waiting for In Progress,In Progress,2026-01-26 15:17:46,p.nair
1371,In Progress,Waiting for Test,2026-01-28 22:40:19,s.rossi
1371,Waiting for Test,In Test,2026-01-30 16:08:26,p.nair
1371,In Test,Done,2026-02-02 04:49:09,s.rossi
1371,Done,Released,2026-02-04 09:00:00,s.rossi
1372,,Backlog,2026-01-20 19:19:30,a.kowalski
1372,Backlog,Waiting for In Progress,2026-01-22 12:10:58,s.rossi
1372,Waiting for In Progress,In Progress,2026-01-26 15:53:32,p.nair
1372,In Progress,Waiting for Test,27/01/2026 18:36,a.kowalski
1372,Waiting for Test,In Test,2026-01-29 02:34:15,p.nair
1372,In Test,Done,2026-01-29 19:32:58,p.nair
1372,Done,Released,2026-02-04 09:00:00,a.kowalski
1373,,Backlog,2026-01-20 08:29:43,c.mendes
1373,Backlog,Waiting for In Progress,2026-01-21 04:05:22,h.ozturk
1373,Waiting for In Progress,In Progress,2026-01-21 15:35:56,h.ozturk
1373,In Progress,Waiting for Test,2026-01-22 02:24:23,h.ozturk
1373,Waiting for Test,In Test,22/01/2026 20:37,c.mendes
1373,In Test,Done,2026-01-23 08:54:11,c.mendes
1373,Done,Released,2026-01-28 09:00:00,c.mendes
1374,,Backlog,2026-01-20 18:58:26,h.ozturk
1374,Backlog,Waiting for In Progress,2026-01-23 22:06:41,h.ozturk
1374,Waiting for In Progress,In Progress,2026-01-26 08:13:26,c.mendes
1374,In Progress,Waiting for Test,2026-01-27 09:46:46,c.mendes
1374,Waiting for Test,In Test,29/01/2026 22:23,c.mendes
1374,In Test,Done,2026-01-30 03:34:48,h.ozturk
1374,Done,Released,2026-02-04 09:00:00,c.mendes
1375,,Backlog,2026-01-20 03:10:14,c.mendes
1375,Backlog,Waiting for In Progress,2026-01-20 23:18:11,c.mendes
1375,Waiting for In Progress,In Progress,2026-01-26 15:51:27,h.ozturk
1375,In Progress,Waiting for Test,2026-01-27 00:59:37,c.mendes
1375,Waiting for Test,In Test,2026-01-27 11:15:14,c.mendes
1375,In Test,Done,2026-01-28 02:20:49,h.ozturk
1375,Done,Released,2026-01-28 09:00:00,c.mendes
1376,,Backlog,2026-01-20 11:22:12,c.mendes
1376,Backlog,Waiting for In Progress,2026-01-22 21:19:49,c.mendes
1376,Waiting for In Progress,In Progress,2026-01-26 08:31:56,h.ozturk
1376,In Progress,Waiting for Test,2026-01-26 12:40:09,h.ozturk
1376,Waiting for Test,In Test,2026-01-27 02:03:24,h.ozturk
1376,In Test,Done,2026-01-27 05:35:26,c.mendes
1376,Done,Released,2026-01-28 09:00:00,h.ozturk
1377,,Backlog,2026-01-19 05:54:46,c.mendes
1377,Backlog,Waiting for In Progress,2026-01-22 15:54:33,h.ozturk
1377,Waiting for In Progress,In Progress,2026-01-22 21:15:22,h.ozturk
1377,In Progress,Waiting for Test,2026-01-23 18:50:13,h.ozturk
1377,Waiting for Test,In Test,2026-01-26 05:16:45,c.mendes
1377,In Test,Done,2026-01-26 17:28:00,h.ozturk
1377,Done,Released,2026-01-28 09:00:00,c.mendes
1378,,Backlog,2026-01-19 23:21:21,c.mendes
1378,Backlog,Waiting for In Progress,2026-01-20 04:01:24,h.ozturk
1378,Waiting for In Progress,In Progress,2026-01-22 10:56:31,h.ozturk
1378,In Progress,Waiting for Test,2026-01-22 18:45:25,h.ozturk
1378,Waiting for Test,In Test,2026-01-23 03:33:27,h.ozturk
1378,In Test,Done,23/01/2026 11:41,h.ozturk
1378,Done,Released,2026-01-28 09:00:00,c.mendes
1379,,Backlog,2026-01-21 15:21:57,c.mendes
1379,Backlog,Waiting for In Progress,2026-01-22 07:48:02,h.ozturk
1379,In Progress,Waiting for Test,2026-01-26 05:54:35,h.ozturk
1379,Waiting for Test,In Test,2026-01-28 00:30:58,h.ozturk
1379,In Test,Done,2026-01-28 15:19:43,h.ozturk
1379,Done,Released,2026-02-04 09:00:00,c.mendes
1380,,Backlog,2026-01-20 10:26:42,h.ozturk
1380,Backlog,Waiting for In Progress,2026-01-21 09:32:44,c.mendes
1380,Waiting for In Progress,In Progress,2026-01-26 21:32:05,c.mendes
1380,In Progress,Waiting for Test,2026-01-27 03:21:11,h.ozturk
1380,Waiting for Test,In Test,2026-01-30 07:41:57,c.mendes
1380,Done,Released,2026-02-04 09:00:00,h.ozturk
1381,,Backlog,2026-01-20 05:39:43,h.ozturk
1381,Backlog,Waiting for In Progress,2026-01-22 20:08:55,c.mendes
1381,Waiting for In Progress,In Progress,2026-01-27 19:51:54,c.mendes
1381,In Progress,Waiting for Test,2026-01-28 10:19:35,c.mendes
1381,Waiting for Test,In Test,2026-02-02 05:09:07,h.ozturk
1381,In Test,Done,2026-02-02 09:33:08,c.mendes
1381,Done,Released,2026-02-04 09:00:00,h.ozturk
1382,,Backlog,2026-01-19 16:02:38,h.ozturk
1382,Backlog,Waiting for In Progress,2026-01-21 19:59:07,c.mendes
1382,Waiting for In Progress,In Progress,2026-01-26 19:46:09,h.ozturk
1382,In Progress,Waiting for Test,2026-01-27 02:08:28,h.ozturk
1382,Waiting for Test,In Test,2026-01-29 13:58:02,h.ozturk
1382,In Test,Done,2026-01-29 19:35:56,h.ozturk
1382,Done,Released,2026-02-04 09:00:00,c.mendes
1383,,Backlog,2026-02-03 21:31:47,m.okafor
1383,Backlog,Waiting for In Progress,2026-02-04 13:55:50,r.silva
1383,Waiting for In Progress,In Progress,2026-02-04 23:40:47,r.silva
1383,In Progress,Waiting for Test,2026-02-05 15:15:36,m.okafor
1383,Waiting for Test,In Test,2026-02-09 20:46:07,j.tan
1383,In Test,Done,2026-02-10 03:22:59,m.okafor
1383,Done,Released,2026-02-14 09:00:00,m.okafor
1384,,Backlog,2026-02-02 04:19:05,m.okafor
1384,Backlog,Waiting for In Progress,2026-02-04 05:03:36,m.okafor
1384,Waiting for In Progress,In Progress,2026-02-04 06:39:21,j.tan
1384,In Progress,Waiting for Test,2026-02-04 14:29:40,j.tan
1384,Waiting for Test,In Test,2026-02-09 01:33:53,m.okafor
1384,In Test,Done,2026-02-09 03:51:25,r.silva
1384,Done,Released,2026-02-14 09:00:00,m.okafor
1385,,Backlog,2026-02-02 20:43:28,m.okafor
1385,Backlog,Waiting for In Progress,2026-02-06 10:37:42,r.silva
1385,Waiting for In Progress,In Progress,2026-02-10 00:58:58,j.tan
1385,In Progress,Waiting for Test,2026-02-10 23:19:06,j.tan
1385,Waiting for Test,In Test,2026-02-11 08:35:42,r.silva
1385,In Test,Done,2026-02-11 15:21:35,m.okafor
1385,Done,Released,2026-02-14 09:00:00,r.silva
1386,,Backlog,2026-02-04 21:35:20,j.tan
1386,Backlog,Waiting for In Progress,2026-02-09 08:01:11,r.silva
1386,Waiting for In Progress,In Progress,2026-02-13 01:26:58,m.okafor
1386,In Progress,Waiting for Test,2026-02-13 22:34:43,r.silva
1386,Waiting for Test,In Test,2026-02-16 06:05:52,r.silva
1386,In Test,Done,2026-02-16 11:53:48,r.silva
1386,Done,Released,2026-02-21 09:00:00,j.tan
1387,,Backlog,2026-02-02 00:23:58,m.okafor
1387,Backlog,Waiting for In Progress,2026-02-03 12:30:43,r.silva
1387,Waiting for In Progress,In Progress,2026-02-09 01:58:41,r.silva
1387,In Progress,Waiting for Test,2026-02-09 15:09:41,j.tan
1387,Waiting for Test,In Test,2026-02-10 01:09:18,j.tan
1387,In Test,Done,2026-02-10 05:15:23,j.tan
1387,Done,Released,2026-02-14 09:00:00,m.okafor
1388,,Backlog,2026-01-30 15:35:23,m.okafor
1388,Backlog,Waiting for In Progress,2026-02-02 00:40:59,j.tan
1388,Waiting for In Progress,In Progress,06/02/2026 21:31,r.silva
1388,In Progress,Waiting for Test,2026-02-09 04:51:37,r.silva
1388,Waiting for Test,In Test,09/02/2026 09:22,j.tan
1388,In Test,Done,2026-02-09 14:48:27,j.tan
1388,Done,Released,2026-02-14 09:00:00,m.okafor
1389,,Backlog,2026-02-03 06:01:29,m.okafor
1389,Backlog,Waiting for In Progress,2026-02-04 01:49:49,r.silva
1389,Waiting for In Progress,In Progress,2026-02-09 03:54:57,j.tan
1389,In Progress,Waiting for Test,2026-02-09 09:47:26,r.silva
1389,Waiting for Test,In Test,2026-02-12 11:17:49,m.okafor
1389,In Test,Done,2026-02-12 19:18:58,m.okafor
1389,Done,Released,14/02/2026 09:00,j.tan
1390,,Backlog,2026-02-04 07:37:46,j.tan
1390,Backlog,Waiting for In Progress,2026-02-06 23:37:01,r.silva
1390,Waiting for In Progress,In Progress,2026-02-09 19:18:08,j.tan
1390,In Progress,Waiting for Test,2026-02-10 19:51:43,m.okafor
1390,Waiting for Test,In Test,2026-02-13 15:11:00,r.silva
1390,In Test,Done,2026-02-13 19:08:46,r.silva
1390,Done,In Progress,2026-02-17 08:03:08,j.tan
1390,In Progress,Waiting for Test,2026-02-17 22:46:54,r.silva
1390,Waiting for Test,In Test,2026-02-19 19:16:54,r.silva
1390,In Test,Done,2026-02-20 03:26:18,j.tan
1390,Done,Released,21/02/2026 09:00,j.tan
1391,,Backlog,2026-01-30 20:58:37,j.tan
1391,Backlog,Waiting for In Progress,2026-02-02 15:26:55,j.tan
1391,Waiting for In Progress,In Progress,2026-02-06 13:50:17,m.okafor
1391,In Progress,Waiting for Test,2026-02-06 19:26:17,j.tan
1391,Waiting for Test,In Test,2026-02-09 15:07:17,r.silva
1391,Done,Released,2026-02-14 09:00:00,r.silva
1392,,Backlog,2026-02-02 21:06:23,j.tan
1392,Backlog,Waiting for In Progress,2026-02-04 21:41:07,r.silva
1392,Waiting for In Progress,In Progress,2026-02-06 20:54:31,m.okafor
1392,In Progress,Waiting for Test,2026-02-09 11:31:01,m.okafor
1392,Waiting for Test,In Test,09/02/2026 21:43,r.silva
1392,In Test,Done,2026-02-10 05:05:01,j.tan
1392,Done,Released,2026-02-14 09:00:00,j.tan
1393,,Backlog,2026-02-04 15:26:47,r.silva
1393,Backlog,Waiting for In Progress,09/02/2026 17:29,m.okafor
1393,Waiting for In Progress,In Progress,2026-02-11 21:00:48,r.silva
1393,In Progress,Waiting for Test,2026-02-12 05:13:57,r.silva
1393,Waiting for Test,In Test,2026-02-13 15:59:26,j.tan
1393,In Test,Done,2026-02-13 23:37:45,m.okafor
1393,Done,Released,2026-02-14 09:00:00,r.silva
1394,,Backlog,2026-02-03 20:12:58,r.silva
1394,Backlog,Waiting for In Progress,2026-02-04 05:41:12,j.tan
1394,Waiting for In Progress,In Progress,2026-02-04 20:11:21,m.okafor
1394,In Progress,Waiting for Test,2026-02-05 22:41:24,r.silva
1394,Waiting for Test,In Test,2026-02-06 00:03:19,j.tan
1394,In Test,Done,06/02/2026 14:30,r.silva
1394,Done,In Progress,2026-02-09 11:54:52,r.silva
1394,In Progress,Waiting for Test,09/02/2026 22:04,m.okafor
1394,Waiting for Test,In Test,2026-02-10 11:42:52,r.silva
1394,In Test,Done,2026-02-10 14:38:34,r.silva
1394,Done,Released,2026-02-14 09:00:00,m.okafor
1395,,Backlog,2026-02-03 15:05:49,l.moreau
1395,Backlog,Waiting for In Progress,2026-02-04 13:34:15,l.moreau
1395,Waiting for In Progress,In Progress,2026-02-05 23:07:30,d.byrne
1395,In Progress,Waiting for Test,2026-02-06 05:54:20,d.byrne
1395,Waiting for Test,In Test,2026-02-09 02:36:08,d.byrne
1395,In Test,Done,2026-02-09 12:22:04,l.moreau
1395,Done,Released,2026-02-14 09:00:00,d.byrne
1396,,Backlog,2026-02-02 06:21:16,l.moreau
1396,Backlog,Waiting for In Progress,2026-02-05 19:55:31,l.moreau
1396,Waiting for In Progress,In Progress,2026-02-09 12:08:24,l.moreau
1396,In Progress,Waiting for Test,2026-02-10 00:30:03,l.moreau
1396,Waiting for Test,In Test,2026-02-10 04:13:45,d.byrne
1396,In Test,Done,2026-02-10 14:56:36,d.byrne
1396,Done,Released,2026-02-14 09:00:00,l.moreau
1397,,Backlog,2026-02-03 15:00:19,l.moreau
1397,Backlog,Waiting for In Progress,2026-02-09 03:09:20,d.byrne
1397,Waiting for In Progress,In Progress,2026-02-10 13:37:23,l.moreau
1397,In Progress,Waiting for Test,2026-02-10 23:11:38,d.byrne
1397,Waiting for Test,In Test,2026-02-12 15:56:24,d.byrne
1397,In Test,Done,2026-02-13 03:17:46,d.byrne
1397,Done,Released,2026-02-14 09:00:00,l.moreau
1398,,Backlog,2026-02-03 14:51:20,d.byrne
1398,Backlog,Waiting for In Progress,2026-02-04 15:39:49,l.moreau
1398,Waiting for In Progress,In Progress,09/02/2026 05:34,d.byrne
1398,In Progress,Waiting for Test,09/02/2026 21:24,d.byrne
1398,Waiting for Test,In Test,2026-02-12 07:35:14,l.moreau
1398,In Test,Done,2026-02-12 12:58:15,l.moreau
1398,Done,In Progress,2026-02-16 19:19:12,l.moreau
1398,In Progress,Waiting for Test,2026-02-17 12:48:33,d.byrne
1398,Waiting for Test,In Test,2026-02-19 11:17:01,l.moreau
1398,In Test,Done,2026-02-19 16:41:04,l.moreau
1398,Done,Released,2026-02-21 09:00:00,d.byrne
1399,,Backlog,2026-02-03 17:25:50,l.moreau
1399,Backlog,Waiting for In Progress,2026-02-06 12:55:50,d.byrne
1399,Waiting for In Progress,In Progress,2026-02-10 19:56:34,d.byrne
1399,In Progress,Waiting for Test,2026-02-11 16:18:03,d.byrne
1399,Waiting for Test,In Test,2026-02-13 17:05:12,d.byrne
1399,In Test,Done,2026-02-16 02:10:26,d.byrne
1399,Done,Released,2026-02-21 09:00:00,l.moreau
1400,,Backlog,2026-01-30 19:21:12,p.nair
1400,Backlog,Waiting for In Progress,02/02/2026 06:12,a.kowalski
1400,Waiting for In Progress,In Progress,2026-02-05 08:34:19,p.nair
1400,In Progress,Waiting for Test,2026-02-05 19:36:00,a.kowalski
1400,Waiting for Test,In Test,2026-02-09 15:08:47,p.nair
1400,In Test,Done,2026-02-09 18:43:05,p.nair
1400,Done,Released,2026-02-14 09:00:00,a.kowalski
1401,,Backlog,2026-02-03 08:26:24,p.nair
1401,Backlog,Waiting for In Progress,06/02/2026 10:15,p.nair
1401,Waiting for In Progress,In Progress,2026-02-10 17:26:48,a.kowalski
1401,In Progress,Waiting for Test,2026-02-10 22:39:42,s.rossi
1401,Waiting for Test,In Test,2026-02-13 03:05:16,p.nair
1401,In Test,Done,13/02/2026 10:32,p.nair
1401,Done,Released,2026-02-14 09:00:00,s.rossi
1402,,Backlog,2026-02-02 21:11:04,p.nair
1402,Backlog,Waiting for In Progress,2026-02-04 16:09:57,p.nair
1402,Waiting for In Progress,In Progress,2026-02-09 15:06:18,p.nair
1402,In Progress,Waiting for Test,2026-02-10 00:02:33,s.rossi
1402,Waiting for Test,In Test,2026-02-10 23:03:40,p.nair
1402,In Test,Done,2026-02-11 06:12:31,s.rossi
1402,Done,Released,14/02/2026 09:00,s.rossi
1403,,Backlog,2026-02-02 13:24:56,s.rossi
1403,Backlog,Waiting for In Progress,05/02/2026 16:32,p.nair
1403,Waiting for In Progress,In Progress,2026-02-09 14:59:17,s.rossi
1403,In Progress,Waiting for Test,2026-02-09 23:57:22,a.kowalski
1403,Waiting for Test,In Test,2026-02-12 05:14:40,a.kowalski
1403,In Test,Done,2026-02-13 00:47:05,a.kowalski
1403,Done,Released,2026-02-14 09:00:00,a.kowalski
1404,,Backlog,2026-01-30 21:37:27,p.nair
1404,Backlog,Waiting for In Progress,2026-02-02 15:21:56,s.rossi
1404,Waiting for In Progress,In Progress,2026-02-06 18:48:36,p.nair
1404,In Progress,Waiting for Test,2026-02-09 00:15:40,s.rossi
1404,Waiting for Test,In Test,2026-02-10 00:30:23,a.kowalski
1404,In Test,Done,10/02/2026 05:49,p.nair
1404,Done,Released,2026-02-14 09:00:00,p.nair
1405,,Backlog,2026-01-30 17:38:22,s.rossi
1405,Backlog,Waiting for In Progress,2026-02-02 20:15:55,p.nair
1405,Waiting for In Progress,In Progress,2026-02-03 02:15:38,p.nair
1405,In Progress,Waiting for Test,2026-02-04 10:32:09,p.nair
1405,Waiting for Test,In Test,2026-02-09 04:54:02,a.kowalski
1405,In Test,Done,2026-02-09 13:33:02,a.kowalski
1405,Done,Released,2026-02-14 09:00:00,a.kowalski
1406,,Backlog,2026-01-30 03:19:39,p.nair
1406,Backlog,Waiting for In Progress,2026-02-02 21:41:01,p.nair
1406,Waiting for In Progress,In Progress,2026-02-06 23:13:26,p.nair
1406,In Progress,Waiting for Test,2026-02-09 19:22:00,p.nair
1406,Waiting for Test,In Test,2026-02-11 16:52:20,a.kowalski
1406,In Test,Done,2026-02-11 20:47:24,s.rossi
1406,Done,Released,2026-02-14 09:00:00,a.kowalski
1407,,Backlog,2026-01-30 06:22:40,s.rossi
1407,Backlog,Waiting for In Progress,2026-02-02 13:39:56,s.rossi
1407,Waiting for In Progress,In Progress,2026-02-09 02:44:21,s.rossi
1407,In Progress,Waiting for Test,2026-02-09 06:33:25,p.nair
1407,Waiting for Test,In Test,10/02/2026 23:19,s.rossi
1407,In Test,Done,2026-02-11 02:58:39,s.rossi
1407,Done,Released,2026-02-14 09:00:00,p.nair
1408,,Backlog,2026-02-02 05:33:56,p.nair
1408,Backlog,Waiting for In Progress,2026-02-04 09:17:25,a.kowalski
1408,Waiting for In Progress,In Progress,2026-02-04 12:08:11,s.rossi
1408,In Progress,Waiting for Test,2026-02-04 16:11:26,s.rossi
1408,Waiting for Test,In Test,2026-02-09 06:51:22,s.rossi
1408,In Test,Done,2026-02-09 10:08:49,s.rossi
1408,Done,In Progress,2026-02-13 16:52:33,s.rossi
1408,In Progress,Waiting for Test,2026-02-13 20:49:26,p.nair
1408,Waiting for Test,In Test,2026-02-16 23:45:57,a.kowalski
1408,In Test,Done,2026-02-17 02:26:58,s.rossi
1408,Done,Released,2026-02-21 09:00:00,a.kowalski
1409,,Backlog,2026-02-04 10:04:53,a.kowalski
1409,Backlog,Waiting for In Progress,2026-02-09 02:06:53,p.nair
1409,Waiting for In Progress,In Progress,2026-02-11 12:22:46,p.nair
1409,In Progress,Waiting for Test,12/02/2026 00:49,p.nair
1409,In Test,Done,2026-02-17 01:04:36,s.rossi
1409,Done,Released,2026-02-21 09:00:00,s.rossi
1410,,Backlog,2026-02-02 16:05:41,c.mendes
1410,Backlog,Waiting for In Progress,2026-02-05 20:09:10,c.mendes
1410,Waiting for In Progress,In Progress,2026-02-06 14:40:12,c.mendes
1410,In Progress,Waiting for Test,2026-02-06 18:21:14,h.ozturk
1410,Waiting for Test,In Test,2026-02-09 15:13:39,c.mendes
1410,In Test,Done,2026-02-10 01:48:15,c.mendes
1410,Done,Released,2026-02-14 09:00:00,h.ozturk
1411,,Backlog,2026-02-03 00:51:05,h.ozturk
1411,Backlog,Waiting for In Progress,2026-02-06 17:14:31,c.mendes
1411,Waiting for In Progress,In Progress,2026-02-09 16:59:52,h.ozturk
1411,In Progress,Waiting for Test,2026-02-10 03:05:09,h.ozturk
1411,Waiting for Test,In Test,2026-02-11 03:52:40,c.mendes
1411,In Test,Done,2026-02-11 07:13:34,h.ozturk
1411,Done,Released,2026-02-14 09:00:00,c.mendes
1412,,Backlog,2026-02-03 16:44:47,h.ozturk
1412,Backlog,Waiting for In Progress,2026-02-04 11:02:51,h.ozturk
1412,Waiting for In Progress,In Progress,2026-02-09 13:42:46,h.ozturk
1412,In Progress,Waiting for Test,2026-02-10 08:19:30,c.mendes
1412,Waiting for Test,In Test,2026-02-11 13:13:33,h.ozturk
1412,In Test,Done,2026-02-11 20:19:28,c.mendes
1412,Done,In Progress,2026-02-16 10:30:03,h.ozturk
1412,In Progress,Waiting for Test,2026-02-16 15:12:21,c.mendes
1412,Waiting for Test,In Test,17/02/2026 23:22,h.ozturk
1412,In Test,Done,2026-02-18 04:38:37,h.ozturk
1412,Done,Released,2026-02-21 09:00:00,c.mendes
1413,,Backlog,2026-01-30 05:10:25,c.mendes
1413,Backlog,Waiting for In Progress,2026-02-02 06:33:04,h.ozturk
1413,Waiting for In Progress,In Progress,2026-02-05 08:26:55,c.mendes
1413,In Progress,Waiting for Test,2026-02-06 00:04:25,h.ozturk
1413,Waiting for Test,In Test,2026-02-06 16:20:00,c.mendes
1413,In Test,Done,2026-02-09 03:00:31,h.ozturk
1413,Done,Released,2026-02-14 09:00:00,h.ozturk
1414,,Backlog,2026-01-29 19:59:43,c.mendes
1414,Backlog,Waiting for In Progress,2026-02-02 00:37:10,c.mendes
1414,Waiting for In Progress,In Progress,2026-02-04 07:59:56,c.mendes
1414,In Progress,Waiting for Test,05/02/2026 00:30,h.ozturk
1414,Waiting for Test,In Test,2026-02-05 04:08:18,h.ozturk
1414,In Test,Done,2026-02-05 21:01:36,h.ozturk
1414,Done,Released,2026-02-14 09:00:00,h.ozturk
1415,,Backlog,2026-02-02 15:52:43,c.mendes
1415,Backlog,Waiting for In Progress,2026-02-04 12:12:29,c.mendes
1415,Waiting for In Progress,In Progress,2026-02-05 18:49:10,c.mendes
1415,In Progress,Waiting for Test,2026-02-06 08:22:08,h.ozturk
1415,Waiting for Test,In Test,2026-02-09 03:41:32,c.mendes
1415,In Test,Done,2026-02-09 15:22:14,h.ozturk
1415,Done,Released,2026-02-14 09:00:00,h.ozturk
1416,,Backlog,2026-02-03 23:01:54,c.mendes
1416,Backlog,Waiting for In Progress,2026-02-05 16:08:16,c.mendes
1416,Waiting for In Progress,In Progress,2026-02-06 20:23:03,c.mendes
1416,In Progress,Waiting for Test,2026-02-09 17:57:51,h.ozturk
1416,Waiting for Test,In Test,12/02/2026 13:38,h.ozturk
1416,In Test,Done,2026-02-13 01:40:47,c.mendes
1416,Done,Released,2026-02-14 09:00:00,h.ozturk
1417,,Backlog,2026-02-03 06:51:48,h.ozturk
1417,Backlog,Waiting for In Progress,2026-02-04 00:47:32,c.mendes
1417,Waiting for In Progress,In Progress,2026-02-06 07:58:49,h.ozturk
1417,In Progress,Waiting for Test,2026-02-06 19:24:25,h.ozturk
1417,Waiting for Test,In Test,2026-02-09 23:09:27,h.ozturk
1417,In Test,Done,2026-02-10 05:39:15,h.ozturk
1417,Done,Released,2026-02-14 09:00:00,c.mendes
1418,,Backlog,2026-02-03 20:55:06,h.ozturk
1418,Backlog,Waiting for In Progress,2026-02-06 22:25:06,c.mendes
1418,Waiting for In Progress,In Progress,2026-02-09 19:02:34,h.ozturk
1418,In Progress,Waiting for Test,2026-02-10 04:25:31,h.ozturk
1418,Waiting for Test,In Test,2026-02-10 17:18:20,h.ozturk
1418,In Test,Done,2026-02-10 20:59:51,h.ozturk
1418,Done,In Progress,2026-02-13 18:21:05,h.ozturk
1418,In Progress,Waiting for Test,2026-02-16 08:40:58,h.ozturk
1418,Waiting for Test,In Test,2026-02-17 08:13:56,h.ozturk
1418,In Test,Done,2026-02-17 15:46:12,c.mendes
1418,Done,Released,2026-02-21 09:00:00,c.mendes
1419,,Backlog,2026-02-19 03:31:14,j.tan
1419,Backlog,Waiting for In Progress,2026-02-20 14:19:39,m.okafor
1419,Waiting for In Progress,In Progress,2026-02-23 03:06:48,j.tan
1419,In Progress,Waiting for Test,2026-02-24 03:57:39,m.okafor
1420,,Backlog,2026-02-16 07:10:18,j.tan
1420,Backlog,Waiting for In Progress,19/02/2026 12:35,m.okafor
1420,Waiting for In Progress,In Progress,2026-02-23 17:13:44,m.okafor
1420,In Progress,Waiting for Test,2026-02-24 02:15:12,j.tan
1420,Waiting for Test,In Test,2026-02-24 07:08:39,j.tan
1420,In Test,Done,2026-02-25 00:31:54,r.silva
1420,Done,Released,2026-03-03 09:00:00,r.silva
1421,,Backlog,2026-02-16 23:06:49,m.okafor
1421,Backlog,Waiting for In Progress,18/02/2026 03:39,r.silva
1421,Waiting for In Progress,In Progress,2026-02-20 03:11:25,m.okafor
1421,In Progress,Waiting for Test,2026-02-20 09:01:52,m.okafor
1421,Waiting for Test,In Test,2026-02-23 06:01:44,j.tan
1421,In Test,Done,2026-02-23 19:07:48,r.silva
1421,Done,In Progress,02/03/2026 15:19,m.okafor
1421,In Progress,Waiting for Test,2026-03-02 23:24:52,r.silva
1421,Waiting for Test,In Test,2026-03-03 01:46:06,m.okafor
1421,In Test,Done,2026-03-03 17:29:51,j.tan
1421,Done,Released,2026-03-10 09:00:00,j.tan
1422,,Backlog,2026-02-17 18:25:28,m.okafor
1422,Backlog,Waiting for In Progress,2026-02-19 12:03:22,r.silva
1422,Waiting for In Progress,In Progress,2026-02-23 01:25:32,r.silva
1422,In Progress,Waiting for Test,2026-02-23 10:46:24,r.silva
1422,Waiting for Test,In Test,2026-02-26 17:09:15,r.silva
1422,In Test,Done,2026-02-26 20:43:07,m.okafor
1422,Done,Released,2026-03-03 09:00:00,m.okafor
1423,,Backlog,2026-02-13 07:32:48,r.silva
1423,Backlog,Waiting for In Progress,2026-02-16 03:47:27,r.silva
1423,Waiting for In Progress,In Progress,2026-02-20 22:24:02,j.tan
1423,In Progress,Waiting for Test,2026-02-23 17:03:41,j.tan
1423,Waiting for Test,In Test,2026-02-25 15:05:14,j.tan
1423,In Test,Done,2026-02-25 22:22:01,j.tan
1423,Done,Released,2026-03-03 09:00:00,r.silva
1424,,Backlog,2026-02-16 06:44:56,j.tan
1424,Backlog,Waiting for In Progress,2026-02-16 19:36:04,j.tan
1424,Waiting for In Progress,In Progress,2026-02-18 02:53:23,j.tan
1424,In Progress,Waiting for Test,2026-02-19 01:09:04,r.silva
1424,Waiting for Test,In Test,2026-02-19 12:11:54,r.silva
1424,In Test,Done,2026-02-20 08:36:27,r.silva
1424,Done,In Progress,2026-02-23 00:58:48,j.tan
1424,In Progress,Waiting for Test,2026-02-23 07:58:01,j.tan
1424,Waiting for Test,In Test,2026-02-24 12:23:40,r.silva
1424,In Test,Done,2026-02-24 20:27:40,j.tan
1424,Done,Released,2026-03-03 09:00:00,j.tan
1425,,Backlog,17/02/2026 22:18,m.okafor
1425,Backlog,Waiting for In Progress,2026-02-20 23:40:22,m.okafor
1425,Waiting for In Progress,In Progress,2026-02-23 02:56:28,j.tan
1425,In Progress,Waiting for Test,2026-02-23 07:55:01,r.silva
1425,Waiting for Test,In Test,2026-02-25 19:55:23,r.silva
1425,Done,Released,2026-03-03 09:00:00,m.okafor
1426,,Backlog,2026-02-16 17:44:41,m.okafor
1426,Backlog,Waiting for In Progress,2026-02-18 06:41:57,m.okafor
1426,Waiting for In Progress,In Progress,2026-02-23 22:05:50,r.silva
1426,In Progress,Waiting for Test,2026-02-24 06:33:55,m.okafor
1426,Waiting for Test,In Test,2026-02-26 04:09:49,j.tan
1426,In Test,Done,2026-02-26 07:27:23,r.silva
1426,Done,In Progress,2026-03-02 07:37:59,m.okafor
1426,In Progress,Waiting for Test,2026-03-02 10:54:30,r.silva
1427,,Backlog,2026-02-17 18:34:40,j.tan
1427,Backlog,Waiting for In Progress,2026-02-20 10:23:55,m.okafor
1427,Waiting for In Progress,In Progress,2026-02-25 03:48:44,m.okafor
1427,In Progress,Waiting for Test,2026-02-26 06:18:14,r.silva
1427,Waiting for Test,In Test,2026-03-02 10:51:29,j.tan
1427,In Test,Done,2026-03-02 16:43:34,r.silva
1427,Done,Released,2026-03-03 09:00:00,r.silva
1428,,Backlog,2026-02-17 06:08:22,r.silva
1428,Backlog,Waiting for In Progress,2026-02-18 21:55:42,j.tan
1428,Waiting for In Progress,In Progress,2026-02-20 22:07:20,m.okafor
1428,In Progress,Waiting for Test,2026-02-23 00:09:27,r.silva
1428,Waiting for Test,In Test,2026-02-25 03:54:48,r.silva
1428,In Test,Done,2026-02-25 10:16:41,r.silva
1428,Done,Released,2026-03-03 09:00:00,r.silva
1429,,Backlog,2026-02-16 03:35:30,l.moreau
1429,Waiting for In Progress,In Progress,2026-02-23 21:42:23,d.byrne
1429,In Progress,Waiting for Test,2026-02-24 06:21:24,d.byrne
1429,Waiting for Test,In Test,2026-02-25 17:27:47,l.moreau
1429,In Test,Done,2026-02-26 02:58:59,d.byrne
1429,Done,Released,03/03/2026 09:00,d.byrne
1430,,Backlog,18/02/2026 00:59,l.moreau
1430,Backlog,Waiting for In Progress,2026-02-20 18:25:52,l.moreau
1430,Waiting for In Progress,In Progress,2026-02-24 07:04:30,d.byrne
1430,In Progress,Waiting for Test,2026-02-25 03:05:16,d.byrne
1430,Waiting for Test,In Test,2026-02-25 15:46:08,d.byrne
1430,In Test,Done,2026-02-25 18:59:39,d.byrne
1430,Done,Released,2026-03-03 09:00:00,l.moreau
1431,,Backlog,2026-02-16 10:55:40,d.byrne
1431,Backlog,Waiting for In Progress,2026-02-17 08:29:43,d.byrne
1431,Waiting for In Progress,In Progress,2026-02-19 03:23:25,d.byrne
1431,In Progress,Waiting for Test,2026-02-19 11:39:28,d.byrne
1431,Waiting for Test,In Test,2026-02-23 10:21:15,d.byrne
1431,In Test,Done,2026-02-23 19:35:35,l.moreau
1431,Done,Released,2026-03-03 09:00:00,d.byrne
1432,,Backlog,2026-02-13 22:33:40,l.moreau
1432,Backlog,Waiting for In Progress,2026-02-17 08:08:51,d.byrne
1432,Waiting for In Progress,In Progress,20/02/2026 19:42,l.moreau
1432,In Progress,Waiting for Test,2026-02-23 11:11:21,d.byrne
1432,Waiting for Test,In Test,2026-02-25 19:09:09,l.moreau
1432,In Test,Done,2026-02-26 03:08:51,l.moreau
1432,Done,Released,2026-03-03 09:00:00,l.moreau
1433,,Backlog,2026-02-16 16:37:13,d.byrne
1433,Backlog,Waiting for In Progress,2026-02-17 12:19:13,d.byrne
1433,Waiting for In Progress,In Progress,2026-02-23 16:34:04,d.byrne
1433,In Progress,Waiting for Test,2026-02-24 04:48:34,d.byrne
1433,Waiting for Test,In Test,2026-02-25 22:36:43,l.moreau
1433,In Test,Done,2026-02-26 00:56:35,d.byrne
1433,Done,In Progress,2026-03-02 03:28:45,d.byrne
1433,In Progress,Waiting for Test,02/03/2026 14:53,d.byrne
1433,Waiting for Test,In Test,2026-03-02 20:14:27,d.byrne
1433,In Test,Done,2026-03-02 23:02:42,l.moreau
1433,Done,Released,2026-03-03 09:00:00,d.byrne
1434,,Backlog,2026-02-16 17:13:34,a.kowalski
1434,Backlog,Waiting for In Progress,2026-02-20 02:25:06,s.rossi
1434,Waiting for In Progress,In Progress,2026-02-23 22:45:37,a.kowalski
1434,In Progress,Waiting for Test,2026-02-24 08:46:02,p.nair
1434,Waiting for Test,In Test,2026-02-27 10:36:53,a.kowalski
1434,In Test,Done,2026-02-27 19:05:19,p.nair
1434,Done,Released,2026-03-03 09:00:00,a.kowalski
1435,,Backlog,2026-02-18 03:40:30,p.nair
1435,Backlog,Waiting for In Progress,2026-02-23 02:38:11,a.kowalski
1435,Waiting for In Progress,In Progress,2026-02-27 23:25:35,a.kowalski
1435,In Progress,Waiting for Test,2026-03-02 23:51:00,p.nair
1435,Waiting for Test,In Test,2026-03-04 23:03:54,a.kowalski
1435,In Test,Done,2026-03-05 05:37:30,p.nair
1435,Done,Released,2026-03-10 09:00:00,p.nair
1436,,Backlog,2026-02-16 20:47:20,s.rossi
1436,Backlog,Waiting for In Progress,2026-02-17 02:25:16,s.rossi
1436,Waiting for In Progress,In Progress,2026-02-20 22:49:24,s.rossi
1436,In Progress,Waiting for Test,2026-02-23 10:19:34,p.nair
1436,Waiting for Test,In Test,2026-02-25 11:37:27,s.rossi
1436,In Test,Done,2026-02-26 00:46:39,s.rossi
1436,Done,Released,2026-03-03 09:00:00,p.nair
1437,,Backlog,2026-02-17 22:11:35,p.nair
1437,Backlog,Waiting for In Progress,2026-02-18 13:04:11,p.nair
1437,In Progress,Waiting for Test,2026-02-19 23:58:49,s.rossi
1437,Waiting for Test,In Test,20/02/2026 15:29,s.rossi
1437,In Test,Done,2026-02-20 18:07:43,a.kowalski
1437,Done,Released,2026-02-21 09:00:00,a.kowalski
1438,,Backlog,2026-02-17 15:24:32,p.nair
1438,Backlog,Waiting for In Progress,2026-02-18 13:46:10,p.nair
1438,Waiting for In Progress,In Progress,2026-02-23 11:36:24,p.nair
1438,In Progress,Waiting for Test,2026-02-23 19:32:04,s.rossi
1438,Waiting for Test,In Test,2026-02-24 19:07:25,s.rossi
1438,In Test,Done,24/02/2026 23:10,s.rossi
1438,Done,Released,2026-03-03 09:00:00,p.nair
1439,,Backlog,2026-02-17 13:27:01,p.nair
1439,Backlog,Waiting for In Progress,2026-02-18 22:18:40,a.kowalski
1439,Waiting for In Progress,In Progress,2026-02-19 17:26:40,p.nair
1439,In Progress,Waiting for Test,2026-02-20 03:57:18,p.nair
1439,Waiting for Test,In Test,2026-02-20 06:44:59,p.nair
1439,In Test,Done,2026-02-20 09:56:13,a.kowalski
1439,Done,Released,2026-02-21 09:00:00,s.rossi
1440,,Backlog,2026-02-17 00:42:33,a.kowalski
1440,Backlog,Waiting for In Progress,2026-02-17 13:22:21,a.kowalski
1440,Waiting for In Progress,In Progress,2026-02-20 12:36:19,s.rossi
1440,In Progress,Waiting for Test,2026-02-23 19:00:13,p.nair
1440,Waiting for Test,In Test,2026-02-26 04:07:34,p.nair
1440,In Test,Done,2026-02-26 11:27:35,a.kowalski
1440,Done,Released,03/03/2026 09:00,a.kowalski
1441,,Backlog,2026-02-17 01:25:23,s.rossi
1441,Backlog,Waiting for In Progress,2026-02-18 17:35:31,a.kowalski
1441,Waiting for In Progress,In Progress,2026-02-23 02:22:17,a.kowalski
1441,In Progress,Waiting for Test,2026-02-24 14:49:48,p.nair
1441,Waiting for Test,In Test,2026-02-27 10:38:15,s.rossi
1441,In Test,Done,2026-02-27 20:35:06,s.rossi
1441,Done,Released,2026-03-03 09:00:00,p.nair
1442,,Backlog,2026-02-18 00:18:55,c.mendes
1442,Backlog,Waiting for In Progress,2026-02-20 16:59:05,h.ozturk
1442,Waiting for In Progress,In Progress,2026-02-23 17:01:42,h.ozturk
1442,In Progress,Waiting for Test,2026-02-25 12:11:08,h.ozturk
1442,Waiting for Test,In Test,2026-02-26 05:58:16,h.ozturk
1442,In Test,Done,2026-02-26 13:52:24,c.mendes
1442,Done,Released,2026-03-03 09:00:00,h.ozturk
1443,,Backlog,2026-02-16 17:04:46,h.ozturk
1443,Backlog,Waiting for In Progress,2026-02-18 20:22:40,c.mendes
1443,Waiting for In Progress,In Progress,2026-02-23 19:13:54,h.ozturk
1444,,Backlog,2026-02-17 04:10:09,h.ozturk
1444,Backlog,Waiting for In Progress,2026-02-18 02:04:19,h.ozturk
1444,Waiting for In Progress,In Progress,23/02/2026 03:59,c.mendes
1444,In Progress,Waiting for Test,2026-02-23 14:38:30,c.mendes
1444,Waiting for Test,In Test,2026-02-26 21:19:32,c.mendes
1444,In Test,Done,2026-02-27 01:19:45,h.ozturk
1444,Done,Released,2026-03-03 09:00:00,c.mendes
1445,,Backlog,2026-02-17 15:33:41,h.ozturk
1445,Backlog,Waiting for In Progress,18/02/2026 10:42,h.ozturk
1445,Waiting for In Progress,In Progress,2026-02-23 22:23:43,h.ozturk
1445,In Progress,Waiting for Test,2026-02-24 05:26:54,c.mendes
1445,Waiting for Test,In Test,2026-02-25 17:45:17,h.ozturk
1445,In Test,Done,2026-02-25 21:10:02,h.ozturk
1445,Done,Released,2026-03-03 09:00:00,c.mendes
1446,,Backlog,2026-02-16 22:01:28,h.ozturk
1446,Backlog,Waiting for In Progress,2026-02-17 06:25:30,h.ozturk
1446,Waiting for In Progress,In Progress,2026-02-19 22:04:29,c.mendes
1446,In Progress,Waiting for Test,2026-02-20 15:37:49,h.ozturk
1446,Waiting for Test,In Test,2026-02-23 06:48:12,h.ozturk
1446,In Test,Done,2026-02-23 15:09:43,c.mendes
1446,Done,Released,2026-03-03 09:00:00,h.ozturk
1447,,Backlog,2026-02-17 20:17:36,h.ozturk
1447,Backlog,Waiting for In Progress,2026-02-18 17:39:10,h.ozturk
1447,Waiting for In Progress,In Progress,2026-02-23 21:56:36,c.mendes
1447,In Progress,Waiting for Test,2026-02-24 07:08:47,c.mendes
1447,Waiting for Test,In Test,2026-02-27 03:38:21,c.mendes
1447,In Test,Done,2026-02-27 09:03:30,h.ozturk
1447,Done,Released,2026-03-03 09:00:00,h.ozturk
1448,,Backlog,2026-02-13 12:25:53,c.mendes
1448,Backlog,Waiting for In Progress,2026-02-16 21:06:42,c.mendes
1448,Waiting for In Progress,In Progress,2026-02-19 08:04:25,c.mendes
1448,In Progress,Waiting for Test,2026-02-20 15:04:14,h.ozturk
1448,Waiting for Test,In Test,23/02/2026 21:10,h.ozturk
1448,In Test,Done,2026-02-24 02:49:10,c.mendes
1448,Done,In Progress,2026-02-24 20:58:36,c.mendes
1448,In Progress,Waiting for Test,2026-02-25 08:10:26,c.mendes
1448,Waiting for Test,In Test,2026-02-26 16:40:58,c.mendes
1448,In Test,Done,2026-02-27 07:56:46,c.mendes
1448,Done,Released,03/03/2026 09:00,c.mendes
1449,,Backlog,2026-03-02 17:42:22,j.tan
1449,Backlog,Waiting for In Progress,2026-03-03 09:42:29,r.silva
1449,Waiting for In Progress,In Progress,2026-03-06 13:23:57,m.okafor
1449,In Progress,Waiting for Test,2026-03-06 20:45:00,m.okafor
1449,Waiting for Test,In Test,10/03/2026 02:53,r.silva
1449,In Test,Done,2026-03-10 12:25:33,m.okafor
1449,Done,Released,2026-03-20 09:00:00,m.okafor
1450,,Backlog,2026-03-02 02:29:45,m.okafor
1450,Backlog,Waiting for In Progress,2026-03-02 14:52:41,r.silva
1450,Waiting for In Progress,In Progress,2026-03-05 03:20:41,j.tan
1450,In Progress,Waiting for Test,2026-03-05 14:08:20,j.tan
1450,Waiting for Test,In Test,2026-03-09 12:46:45,j.tan
1450,In Test,Done,09/03/2026 22:57,r.silva
1450,Done,Released,2026-03-10 09:00:00,r.silva
1451,,Backlog,2026-02-27 00:54:50,j.tan
1451,Backlog,Waiting for In Progress,2026-03-02 13:55:21,r.silva
1451,Waiting for In Progress,In Progress,2026-03-09 12:30:41,r.silva
1451,In Progress,Waiting for Test,2026-03-10 14:37:11,m.okafor
1451,Waiting for Test,In Test,2026-03-13 16:34:39,m.okafor
1451,In Test,Done,2026-03-13 22:11:28,j.tan
1451,Done,Released,20/03/2026 09:00,j.tan
1452,,Backlog,2026-03-02 06:05:33,r.silva
1452,Backlog,Waiting for In Progress,2026-03-02 14:32:44,r.silva
1452,Waiting for In Progress,In Progress,2026-03-06 08:58:04,r.silva
1452,In Progress,Waiting for Test,2026-03-06 23:57:33,m.okafor
1452,Waiting for Test,In Test,2026-03-09 11:08:20,j.tan
1452,In Test,Done,2026-03-09 15:31:39,r.silva
1452,Done,Released,2026-03-10 09:00:00,r.silva
1453,,Backlog,2026-03-03 14:45:14,r.silva
1453,Backlog,Waiting for In Progress,2026-03-05 10:34:16,m.okafor
1454,,Backlog,2026-03-02 18:32:05,m.okafor
1454,Backlog,Waiting for In Progress,2026-03-06 11:17:39,r.silva
1454,Waiting for In Progress,In Progress,2026-03-09 07:25:46,m.okafor
1454,In Progress,Waiting for Test,2026-03-10 00:34:06,j.tan
1454,Waiting for Test,In Test,2026-03-12 19:05:34,j.tan
1454,In Test,Done,2026-03-12 23:59:43,m.okafor
1454,Done,Released,2026-03-20 09:00:00,m.okafor
1455,,Backlog,2026-03-03 14:45:38,l.moreau
1455,Backlog,Waiting for In Progress,2026-03-04 03:53:19,l.moreau
1455,Waiting for In Progress,In Progress,2026-03-09 21:57:08,l.moreau
1455,In Progress,Waiting for Test,2026-03-11 02:37:05,d.byrne
1455,Waiting for Test,In Test,2026-03-16 02:58:46,l.moreau
1455,In Test,Done,2026-03-16 07:23:13,d.byrne
1455,Done,Released,2026-03-20 09:00:00,d.byrne
1456,,Backlog,2026-03-02 21:03:36,l.moreau
1456,Backlog,Waiting for In Progress,2026-03-03 16:02:23,l.moreau
1456,Waiting for In Progress,In Progress,2026-03-06 19:49:39,l.moreau
1456,In Progress,Waiting for Test,2026-03-09 02:49:05,d.byrne
1456,Waiting for Test,In Test,2026-03-10 02:26:25,l.moreau
1456,In Test,Done,2026-03-10 06:04:52,d.byrne
1457,,Backlog,2026-02-27 08:17:02,d.byrne
1457,Backlog,Waiting for In Progress,2026-03-02 10:42:25,d.byrne
1457,Waiting for In Progress,In Progress,2026-03-04 02:00:01,l.moreau
1457,In Progress,Waiting for Test,2026-03-04 12:56:43,l.moreau
1457,Waiting for Test,In Test,2026-03-05 10:52:44,l.moreau
1457,In Test,Done,2026-03-05 17:49:09,l.moreau
1457,Done,Released,2026-03-10 09:00:00,l.moreau
1458,,Backlog,2026-03-03 13:11:50,d.byrne
1458,Backlog,Waiting for In Progress,2026-03-06 13:17:03,d.byrne
1458,Waiting for In Progress,In Progress,2026-03-06 14:26:13,l.moreau
1458,In Progress,Waiting for Test,2026-03-09 00:45:26,l.moreau
1458,Waiting for Test,In Test,2026-03-12 05:01:50,l.moreau
1458,In Test,Done,2026-03-12 11:47:02,l.moreau
1458,Done,Released,2026-03-20 09:00:00,d.byrne
1459,,Backlog,2026-03-02 07:00:38,l.moreau
1459,Backlog,Waiting for In Progress,2026-03-04 19:23:25,d.byrne
1459,Waiting for In Progress,In Progress,2026-03-09 05:52:53,d.byrne
1459,In Progress,Waiting for Test,2026-03-09 15:49:06,d.byrne
1459,Waiting for Test,In Test,2026-03-12 12:17:47,l.moreau
1459,In Test,Done,2026-03-12 17:44:10,d.byrne
1459,Done,Released,2026-03-20 09:00:00,l.moreau
1460,,Backlog,2026-03-02 04:46:56,d.byrne
1460,Backlog,Waiting for In Progress,2026-03-05 21:48:45,l.moreau
1460,Waiting for In Progress,In Progress,2026-03-09 18:23:54,l.moreau
1460,In Progress,Waiting for Test,2026-03-10 02:44:42,l.moreau
1460,Waiting for Test,In Test,2026-03-11 10:41:58,l.moreau
1460,In Test,Done,2026-03-12 06:11:24,d.byrne
1460,Done,Released,2026-03-20 09:00:00,d.byrne
1461,,Backlog,2026-03-03 04:42:43,d.byrne
1461,Backlog,Waiting for In Progress,2026-03-06 09:47:42,d.byrne
1461,Waiting for In Progress,In Progress,2026-03-09 06:18:19,d.byrne
1461,In Progress,Waiting for Test,2026-03-09 19:54:57,l.moreau
1461,Waiting for Test,In Test,2026-03-10 16:41:55,d.byrne
1461,In Test,Done,2026-03-10 19:34:45,l.moreau
1461,Done,Released,2026-03-20 09:00:00,d.byrne
1462,,Backlog,2026-03-02 12:37:44,d.byrne
1462,Backlog,Waiting for In Progress,2026-03-05 12:08:03,l.moreau
1462,Waiting for In Progress,In Progress,2026-03-09 05:32:48,d.byrne
1462,In Progress,Waiting for Test,2026-03-10 07:32:59,l.moreau
1462,Waiting for Test,In Test,2026-03-12 10:59:06,d.byrne
1462,In Test,Done,2026-03-12 14:46:33,l.moreau
1462,Done,Released,2026-03-20 09:00:00,d.byrne
1463,,Backlog,2026-03-04 03:24:48,l.moreau
1463,Backlog,Waiting for In Progress,2026-03-05 05:13:48,d.byrne
1463,Waiting for In Progress,In Progress,2026-03-10 04:56:26,l.moreau
1463,In Progress,Waiting for Test,2026-03-10 09:03:41,l.moreau
1463,Waiting for Test,In Test,2026-03-11 08:40:38,l.moreau
1463,In Test,Done,2026-03-11 14:44:23,d.byrne
1463,Done,Released,2026-03-20 09:00:00,l.moreau
1464,,Backlog,2026-02-27 17:29:33,l.moreau
1464,Backlog,Waiting for In Progress,2026-03-02 11:11:30,d.byrne
1464,Waiting for In Progress,In Progress,2026-03-06 08:29:15,l.moreau
1464,In Progress,Waiting for Test,2026-03-06 13:37:28,l.moreau
1464,Waiting for Test,In Test,2026-03-09 11:14:56,d.byrne
1464,In Test,Done,2026-03-09 20:46:37,d.byrne
1464,Done,Released,2026-03-10 09:00:00,l.moreau
1465,,Backlog,2026-03-03 21:11:41,l.moreau
1465,Backlog,Waiting for In Progress,2026-03-09 06:38:33,l.moreau
1465,Waiting for In Progress,In Progress,2026-03-12 15:33:02,d.byrne
1465,In Progress,Waiting for Test,2026-03-13 11:39:35,l.moreau
1465,Waiting for Test,In Test,2026-03-16 16:03:22,l.moreau
1465,In Test,Done,2026-03-17 04:49:05,l.moreau
1466,,Backlog,2026-03-03 20:02:52,l.moreau
1466,Backlog,Waiting for In Progress,2026-03-04 10:29:56,d.byrne
1466,Waiting for In Progress,In Progress,2026-03-06 04:13:27,l.moreau
1466,In Progress,Waiting for Test,2026-03-09 14:52:23,d.byrne
1466,Waiting for Test,In Test,2026-03-11 18:55:58,d.byrne
1466,In Test,Done,2026-03-11 22:18:13,l.moreau
1466,Done,Released,2026-03-20 09:00:00,l.moreau
1467,,Backlog,2026-03-03 14:55:27,a.kowalski
1467,Backlog,Waiting for In Progress,2026-03-06 12:12:35,a.kowalski
1467,Waiting for In Progress,In Progress,2026-03-06 23:44:58,a.kowalski
1467,In Progress,Waiting for Test,2026-03-09 04:31:26,p.nair
1467,Waiting for Test,In Test,2026-03-09 14:08:26,s.rossi
1467,In Test,Done,2026-03-10 01:24:27,s.rossi
1467,Done,Released,10/03/2026 09:00,s.rossi
1468,,Backlog,2026-03-04 18:32:28,s.rossi
1468,Backlog,Waiting for In Progress,2026-03-06 10:25:21,a.kowalski
1468,Waiting for In Progress,In Progress,2026-03-09 10:33:21,p.nair
1468,In Progress,Waiting for Test,2026-03-09 17:39:33,a.kowalski
1468,Waiting for Test,In Test,2026-03-09 23:13:45,p.nair
1468,In Test,Done,2026-03-10 01:48:37,a.kowalski
1468,Done,Released,2026-03-10 09:00:00,p.nair
1469,,Backlog,2026-03-02 15:11:46,a.kowalski
1469,Backlog,Waiting for In Progress,2026-03-02 19:29:13,p.nair
1469,Waiting for In Progress,In Progress,2026-03-04 09:11:27,a.kowalski
1469,In Progress,Waiting for Test,2026-03-05 05:04:37,p.nair
1469,Waiting for Test,In Test,2026-03-05 06:24:10,p.nair
1469,In Test,Done,2026-03-05 10:25:30,p.nair
1469,Done,Released,2026-03-10 09:00:00,s.rossi
1470,,Backlog,2026-03-03 19:07:34,p.nair
1470,Backlog,Waiting for In Progress,2026-03-04 06:03:28,s.rossi
1470,Waiting for In Progress,In Progress,2026-03-09 04:36:55,p.nair
1470,In Progress,Waiting for Test,2026-03-11 04:12:29,s.rossi
1470,Waiting for Test,In Test,2026-03-13 12:28:55,s.rossi
1470,In Test,Done,2026-03-13 16:53:15,s.rossi
1470,Done,Released,2026-03-20 09:00:00,s.rossi
1471,,Backlog,2026-03-03 00:58:07,s.rossi
1471,Backlog,Waiting for In Progress,2026-03-03 06:38:07,p.nair
1471,Waiting for In Progress,In Progress,2026-03-09 11:57:45,a.kowalski
1471,In Progress,Waiting for Test,2026-03-10 04:19:26,s.rossi
1471,Waiting for Test,In Test,2026-03-10 08:41:15,a.kowalski
1471,In Test,Done,2026-03-10 18:21:01,p.nair
1471,Done,Released,2026-03-20 09:00:00,a.kowalski
1472,,Backlog,2026-02-27 13:16:35,a.kowalski
1472,Backlog,Waiting for In Progress,2026-03-02 04:17:11,s.rossi
1472,Waiting for In Progress,In Progress,2026-03-03 23:30:38,p.nair
1472,In Progress,Waiting for Test,2026-03-04 15:06:10,p.nair
1472,Waiting for Test,In Test,2026-03-09 04:38:14,a.kowalski
1472,In Test,Done,2026-03-09 08:25:40,a.kowalski
1472,Done,Released,2026-03-10 09:00:00,p.nair
1473,,Backlog,2026-02-27 01:07:45,s.rossi
1473,Backlog,Waiting for In Progress,2026-03-02 11:04:14,p.nair
1473,Waiting for In Progress,In Progress,2026-03-05 20:10:13,a.kowalski
1473,In Progress,Waiting for Test,2026-03-06 04:37:35,p.nair
1473,Waiting for Test,In Test,2026-03-09 14:13:58,s.rossi
1473,In Test,Done,2026-03-09 17:28:31,p.nair
1473,Done,Released,2026-03-10 09:00:00,a.kowalski
1474,,Backlog,2026-03-02 06:05:51,s.rossi
1474,Backlog,Waiting for In Progress,2026-03-04 07:24:46,a.kowalski
1474,Waiting for In Progress,In Progress,05/03/2026 02:49,a.kowalski
1474,In Progress,Waiting for Test,2026-03-05 09:57:56,p.nair
1474,Waiting for Test,In Test,2026-03-06 13:23:48,a.kowalski
1474,In Test,Done,06/03/2026 16:08,a.kowalski
1474,Done,Released,2026-03-10 09:00:00,p.nair
1475,,Backlog,2026-02-27 22:34:54,a.kowalski
1475,Backlog,Waiting for In Progress,2026-03-02 12:52:20,a.kowalski
1475,Waiting for In Progress,In Progress,2026-03-05 11:53:28,p.nair
1475,In Progress,Waiting for Test,2026-03-05 20:38:40,p.nair
1475,Waiting for Test,In Test,2026-03-06 03:51:36,a.kowalski
1475,In Test,Done,2026-03-06 16:26:34,a.kowalski
1475,Done,Released,2026-03-10 09:00:00,a.kowalski
1476,,Backlog,27/02/2026 08:00,s.rossi
1476,Backlog,Waiting for In Progress,2026-03-02 12:44:44,s.rossi
1476,Waiting for In Progress,In Progress,04/03/2026 16:49,p.nair
1476,In Progress,Waiting for Test,05/03/2026 16:41,s.rossi
1476,Waiting for Test,In Test,2026-03-09 16:09:27,s.rossi
1476,In Test,Done,2026-03-09 20:32:52,s.rossi
1476,Done,Released,2026-03-10 09:00:00,p.nair
1477,,Backlog,2026-03-03 06:05:15,h.ozturk
1477,Backlog,Waiting for In Progress,2026-03-03 11:56:11,h.ozturk
1477,Waiting for In Progress,In Progress,2026-03-04 01:47:03,c.mendes
1477,In Progress,Waiting for Test,2026-03-04 21:23:12,h.ozturk
1477,Waiting for Test,In Test,2026-03-05 20:20:49,c.mendes
1477,In Test,Done,2026-03-06 05:21:18,c.mendes
1477,Done,Released,2026-03-10 09:00:00,h.ozturk
1478,,Backlog,2026-03-02 04:06:17,h.ozturk
1478,Backlog,Waiting for In Progress,2026-03-03 15:45:07,h.ozturk
1478,Waiting for In Progress,In Progress,2026-03-06 03:51:14,c.mendes
1478,In Progress,Waiting for Test,2026-03-09 05:43:31,c.mendes
1478,Waiting for Test,In Test,2026-03-10 15:20:42,c.mendes
1478,In Test,Done,2026-03-10 19:09:17,h.ozturk
1478,Done,Released,2026-03-20 09:00:00,h.ozturk
1479,,Backlog,2026-03-02 21:26:28,h.ozturk
1479,Backlog,Waiting for In Progress,2026-03-05 20:18:35,h.ozturk
1479,Waiting for In Progress,In Progress,2026-03-09 19:31:07,h.ozturk
1479,In Progress,Waiting for Test,2026-03-11 01:30:01,h.ozturk
1479,Waiting for Test,In Test,2026-03-16 08:42:40,h.ozturk
1479,In Test,Done,17/03/2026 13:49,c.mendes
1479,Done,Released,20/03/2026 09:00,h.ozturk
1480,,Backlog,2026-02-27 18:53:02,h.ozturk
1480,Backlog,Waiting for In Progress,2026-03-02 11:16:48,c.mendes
1480,Waiting for In Progress,In Progress,2026-03-04 04:17:41,c.mendes
1480,In Progress,Waiting for Test,2026-03-04 11:44:44,c.mendes
1480,Waiting for Test,In Test,2026-03-09 07:34:21,h.ozturk
1480,In Test,Done,2026-03-09 15:17:52,c.mendes
1480,Done,Released,2026-03-10 09:00:00,c.mendes
1481,,Backlog,2026-03-03 12:26:17,h.ozturk
1481,Backlog,Waiting for In Progress,2026-03-05 21:54:15,c.mendes
1481,Waiting for In Progress,In Progress,2026-03-10 15:16:20,c.mendes
1481,In Progress,Waiting for Test,2026-03-11 07:24:33,h.ozturk
1481,Waiting for Test,In Test,2026-03-11 13:37:43,h.ozturk
1481,In Test,Done,2026-03-11 22:33:46,h.ozturk
1481,Done,Released,2026-03-20 09:00:00,c.mendes
1482,,Backlog,2026-03-03 06:07:40,h.ozturk
1482,Backlog,Waiting for In Progress,2026-03-05 22:05:30,h.ozturk
1483,,Backlog,2026-03-02 08:59:40,c.mendes
1483,Backlog,Waiting for In Progress,2026-03-03 23:01:47,c.mendes
1483,Waiting for In Progress,In Progress,2026-03-04 20:13:15,c.mendes
1483,In Progress,Waiting for Test,2026-03-05 03:07:50,c.mendes
1483,Waiting for Test,In Test,2026-03-06 04:15:30,c.mendes
1483,In Test,Done,2026-03-06 11:37:11,h.ozturk
1483,Done,Released,2026-03-10 09:00:00,h.ozturk
1484,,Backlog,2026-03-04 16:36:50,h.ozturk
1484,Backlog,Waiting for In Progress,09/03/2026 00:19,c.mendes
1484,Waiting for In Progress,In Progress,2026-03-11 12:46:40,h.ozturk
1484,In Progress,Waiting for Test,2026-03-12 08:16:51,c.mendes
1484,Waiting for Test,In Test,13/03/2026 09:24,h.ozturk
1484,In Test,Done,2026-03-13 13:56:00,h.ozturk
1484,Done,Released,2026-03-20 09:00:00,h.ozturk
1485,,Backlog,2026-03-03 03:40:28,h.ozturk
1485,Backlog,Waiting for In Progress,2026-03-05 17:22:50,h.ozturk
1485,Waiting for In Progress,In Progress,2026-03-10 02:23:16,c.mendes
1486,,Backlog,2026-03-03 12:48:36,c.mendes
1486,Backlog,Waiting for In Progress,2026-03-03 18:20:44,c.mendes
1486,Waiting for In Progress,In Progress,2026-03-09 17:03:51,h.ozturk
1486,In Progress,Waiting for Test,2026-03-09 23:15:17,h.ozturk
1486,Waiting for Test,In Test,2026-03-10 22:17:25,c.mendes
1486,In Test,Done,2026-03-11 08:19:48,h.ozturk
1486,Done,Released,2026-03-20 09:00:00,h.ozturk
1487,,Backlog,2026-03-16 22:28:46,j.tan
1487,Backlog,Waiting for In Progress,2026-03-17 04:03:53,j.tan
1487,Waiting for In Progress,In Progress,2026-03-20 08:47:09,m.okafor
1487,In Progress,Waiting for Test,2026-03-20 19:45:47,j.tan
1487,Waiting for Test,In Test,2026-03-23 04:07:09,j.tan
1487,In Test,Done,2026-03-23 08:46:56,r.silva
1487,Done,Released,2026-03-27 09:00:00,r.silva
1488,,Backlog,2026-03-17 03:12:09,m.okafor
1488,Backlog,Waiting for In Progress,2026-03-18 13:27:57,r.silva
1488,Waiting for In Progress,In Progress,2026-03-20 14:48:59,m.okafor
1488,In Progress,Waiting for Test,2026-03-23 22:14:46,j.tan
1488,Waiting for Test,In Test,2026-03-25 14:17:47,m.okafor
1488,In Test,Done,2026-03-26 02:47:30,j.tan
1488,Done,Released,2026-03-27 09:00:00,m.okafor
1489,,Backlog,2026-03-17 10:11:36,m.okafor
1489,Backlog,Waiting for In Progress,2026-03-23 03:18:52,j.tan
1489,Waiting for In Progress,In Progress,2026-03-25 01:42:55,j.tan
1489,In Progress,Waiting for Test,2026-03-25 06:09:52,r.silva
1489,Waiting for Test,In Test,2026-03-27 06:15:16,r.silva
1489,In Test,Done,2026-03-27 11:58:33,j.tan
1489,Done,Released,2026-04-03 09:00:00,r.silva
1490,,Backlog,2026-03-13 15:12:01,j.tan
1490,Backlog,Waiting for In Progress,2026-03-16 19:17:01,j.tan
1490,Waiting for In Progress,In Progress,2026-03-23 04:53:55,j.tan
1490,In Progress,Waiting for Test,23/03/2026 15:28,r.silva
1490,Waiting for Test,In Test,2026-03-24 19:29:45,m.okafor
1490,In Test,Done,2026-03-25 02:52:25,r.silva
1490,Done,In Progress,2026-03-27 10:36:24,m.okafor
1490,In Progress,Waiting for Test,2026-03-27 16:57:00,m.okafor
1490,Waiting for Test,In Test,2026-03-30 03:07:10,j.tan
1490,In Test,Done,2026-03-30 06:10:32,r.silva
1490,Done,Released,2026-04-03 09:00:00,m.okafor
1491,,Backlog,2026-03-18 00:11:04,m.okafor
1491,Backlog,Waiting for In Progress,2026-03-23 04:26:48,r.silva
1491,Waiting for In Progress,In Progress,2026-03-26 02:16:57,m.okafor
1491,In Progress,Waiting for Test,2026-03-26 18:56:14,r.silva
1492,,Backlog,2026-03-13 09:25:56,j.tan
1492,Backlog,Waiting for In Progress,2026-03-16 02:07:12,r.silva
1492,Waiting for In Progress,In Progress,2026-03-17 12:25:08,m.okafor
1492,In Progress,Waiting for Test,2026-03-18 02:51:13,j.tan
1492,Waiting for Test,In Test,2026-03-19 20:42:55,m.okafor
1492,In Test,Done,2026-03-20 03:27:10,r.silva
1492,Done,Released,2026-03-20 09:00:00,r.silva
1493,,Backlog,2026-03-12 21:29:25,j.tan
1493,Backlog,Waiting for In Progress,16/03/2026 10:34,r.silva
1493,Waiting for In Progress,In Progress,2026-03-16 11:36:23,r.silva
1493,In Progress,Waiting for Test,17/03/2026 01:04,r.silva
1493,Waiting for Test,In Test,2026-03-17 17:44:04,r.silva
1493,In Test,Done,2026-03-18 00:36:44,m.okafor
1493,Done,Released,2026-03-20 09:00:00,r.silva
1494,,Backlog,2026-03-17 21:56:16,m.okafor
1494,Backlog,Waiting for In Progress,2026-03-18 04:49:09,r.silva
1494,Waiting for In Progress,In Progress,2026-03-23 17:04:50,m.okafor
1494,In Progress,Waiting for Test,2026-03-23 23:14:51,j.tan
1494,Waiting for Test,In Test,2026-03-25 19:29:52,j.tan
1494,In Test,Done,2026-03-26 07:03:26,j.tan
1494,Done,Released,2026-03-27 09:00:00,r.silva
1495,,Backlog,2026-03-13 16:31:29,l.moreau
1495,Backlog,Waiting for In Progress,2026-03-16 11:15:32,d.byrne
1495,Waiting for In Progress,In Progress,2026-03-19 18:52:49,l.moreau
1495,In Progress,Waiting for Test,2026-03-19 23:29:35,l.moreau
1495,Waiting for Test,In Test,2026-03-23 19:37:35,d.byrne
1495,In Test,Done,2026-03-24 05:07:59,d.byrne
1495,Done,Released,2026-03-27 09:00:00,l.moreau
1496,,Backlog,2026-03-18 08:33:47,l.moreau
1496,Waiting for In Progress,In Progress,2026-03-24 10:55:20,l.moreau
1496,In Progress,Waiting for Test,2026-03-24 13:41:27,d.byrne
1497,,Backlog,2026-03-13 21:37:59,l.moreau
1497,Backlog,Waiting for In Progress,2026-03-16 16:08:13,l.moreau
1497,Waiting for In Progress,In Progress,2026-03-18 02:57:23,l.moreau
1497,In Progress,Waiting for Test,2026-03-18 08:44:45,d.byrne
1498,,Backlog,2026-03-18 11:53:09,d.byrne
1498,Backlog,Waiting for In Progress,2026-03-20 09:41:35,d.byrne
1498,Waiting for In Progress,In Progress,2026-03-25 00:31:29,d.byrne
1498,In Progress,Waiting for Test,2026-03-25 05:57:26,l.moreau
1498,Waiting for Test,In Test,2026-03-26 12:38:04,l.moreau
1498,In Test,Done,2026-03-26 16:41:40,d.byrne
1498,Done,In Progress,2026-03-30 07:55:17,d.byrne
1498,In Progress,Waiting for Test,2026-03-31 08:00:29,d.byrne
1498,Waiting for Test,In Test,2026-04-01 18:35:35,d.byrne
1498,In Test,Done,2026-04-01 22:00:26,l.moreau
1498,Done,Released,2026-04-03 09:00:00,d.byrne
1499,,Backlog,2026-03-17 13:28:53,d.byrne
1499,Backlog,Waiting for In Progress,18/03/2026 06:52,d.byrne
1499,Waiting for In Progress,In Progress,2026-03-23 19:01:09,l.moreau
1499,In Progress,Waiting for Test,2026-03-24 15:29:22,l.moreau
1499,Waiting for Test,In Test,2026-03-27 06:43:40,d.byrne
1499,In Test,Done,2026-03-27 14:27:05,l.moreau
1499,Done,In Progress,2026-03-31 11:34:25,d.byrne
1499,In Progress,Waiting for Test,2026-03-31 17:18:33,d.byrne
1499,Waiting for Test,In Test,2026-04-02 13:40:12,d.byrne
1499,In Test,Done,2026-04-02 18:37:10,l.moreau
1499,Done,Released,2026-04-03 09:00:00,d.byrne
1500,,Backlog,13/03/2026 12:26,l.moreau
1500,Backlog,Waiting for In Progress,2026-03-16 08:58:09,d.byrne
1500,Waiting for In Progress,In Progress,2026-03-18 08:10:55,d.byrne
1500,In Progress,Waiting for Test,2026-03-19 01:10:55,l.moreau
1500,Waiting for Test,In Test,2026-03-19 07:16:55,d.byrne
1500,In Test,Done,2026-03-19 12:24:19,d.byrne
1500,Done,Released,2026-03-20 09:00:00,d.byrne
1501,,Backlog,2026-03-16 07:16:18,d.byrne
1501,Backlog,Waiting for In Progress,2026-03-17 02:04:31,l.moreau
1501,Waiting for In Progress,In Progress,2026-03-20 22:08:42,d.byrne
1501,In Progress,Waiting for Test,2026-03-23 19:29:56,l.moreau
1501,Waiting for Test,In Test,2026-03-24 10:45:03,l.moreau
1501,In Test,Done,2026-03-25 00:50:33,d.byrne
1501,Done,Released,2026-03-27 09:00:00,l.moreau
1502,,Backlog,2026-03-13 01:40:02,l.moreau
1502,Backlog,Waiting for In Progress,2026-03-16 14:21:46,l.moreau
1502,Waiting for In Progress,In Progress,2026-03-17 05:20:16,l.moreau
1502,In Progress,Waiting for Test,2026-03-17 09:59:46,l.moreau
1502,Waiting for Test,In Test,2026-03-18 16:30:40,d.byrne
1502,In Test,Done,19/03/2026 00:03,d.byrne
1502,Done,Released,2026-03-20 09:00:00,d.byrne
1503,,Backlog,2026-03-16 12:55:09,l.moreau
1503,Backlog,Waiting for In Progress,2026-03-18 05:54:31,d.byrne
1503,Waiting for In Progress,In Progress,2026-03-23 00:51:07,l.moreau
1503,In Progress,Waiting for Test,2026-03-23 07:11:21,d.byrne
1503,Waiting for Test,In Test,2026-03-26 14:21:44,d.byrne
1503,In Test,Done,2026-03-26 17:26:56,l.moreau
1503,Done,Released,2026-03-27 09:00:00,l.moreau
1504,,Backlog,2026-03-17 23:17:48,l.moreau
1504,Backlog,Waiting for In Progress,2026-03-18 13:29:17,l.moreau
1504,Waiting for In Progress,In Progress,2026-03-19 07:54:31,d.byrne
1504,In Progress,Waiting for Test,2026-03-19 13:31:25,l.moreau
1504,Waiting for Test,In Test,2026-03-23 02:24:07,d.byrne
1504,In Test,Done,2026-03-23 03:58:19,l.moreau
1504,Done,Released,2026-03-27 09:00:00,l.moreau
1505,,Backlog,18/03/2026 05:08,d.byrne
1505,Backlog,Waiting for In Progress,23/03/2026 11:40,l.moreau
1505,Waiting for In Progress,In Progress,2026-03-26 20:11:51,d.byrne
1505,In Progress,Waiting for Test,2026-03-27 20:22:04,d.byrne
1505,Waiting for Test,In Test,2026-03-30 04:06:00,d.byrne
1505,In Test,Done,30/03/2026 20:08,d.byrne
1505,Done,Released,2026-04-03 09:00:00,d.byrne
1506,,Backlog,2026-03-16 14:24:53,d.byrne
1506,Backlog,Waiting for In Progress,2026-03-19 17:53:21,d.byrne
1506,Waiting for In Progress,In Progress,2026-03-23 15:47:05,d.byrne
1506,In Progress,Waiting for Test,2026-03-24 13:13:04,l.moreau
1506,Waiting for Test,In Test,2026-03-25 08:10:38,d.byrne
1506,In Test,Done,25/03/2026 17:51,l.moreau
1506,Done,Released,2026-03-27 09:00:00,l.moreau
1507,,Backlog,2026-03-17 09:15:09,a.kowalski
1507,Backlog,Waiting for In Progress,2026-03-19 17:13:54,s.rossi
1507,Waiting for In Progress,In Progress,2026-03-20 18:38:21,p.nair
1507,In Progress,Waiting for Test,2026-03-23 16:32:09,p.nair
1507,Waiting for Test,In Test,2026-03-25 21:16:49,p.nair
1507,In Test,Done,2026-03-26 10:32:12,s.rossi
1507,Done,Released,2026-03-27 09:00:00,a.kowalski
1508,,Backlog,2026-03-17 15:22:57,p.nair
1508,Backlog,Waiting for In Progress,2026-03-23 03:27:29,a.kowalski
1508,Waiting for In Progress,In Progress,2026-03-24 07:03:12,a.kowalski
1508,In Progress,Waiting for Test,2026-03-24 18:10:24,p.nair
1508,Waiting for Test,In Test,2026-03-25 09:04:00,s.rossi
1508,In Test,Done,2026-03-25 13:43:43,s.rossi
1508,Done,Released,2026-03-27 09:00:00,a.kowalski
1509,,Backlog,12/03/2026 20:26,s.rossi
1509,Backlog,Waiting for In Progress,2026-03-13 13:54:57,p.nair
1509,Waiting for In Progress,In Progress,2026-03-17 23:43:52,p.nair
1509,In Progress,Waiting for Test,2026-03-18 04:38:49,s.rossi
1509,Waiting for Test,In Test,2026-03-19 11:06:37,p.nair
1509,In Test,Done,2026-03-19 15:58:14,a.kowalski
1509,Done,Released,2026-03-20 09:00:00,a.kowalski
1510,,Backlog,2026-03-17 16:56:39,p.nair
1510,Backlog,Waiting for In Progress,2026-03-23 02:13:33,p.nair
1510,Waiting for In Progress,In Progress,25/03/2026 02:17,a.kowalski
1510,In Progress,Waiting for Test,2026-03-25 09:26:42,p.nair
1510,Waiting for Test,In Test,2026-03-30 08:52:51,a.kowalski
1510,In Test,Done,2026-03-30 12:05:21,p.nair
1510,Done,Released,2026-04-03 09:00:00,p.nair
1511,,Backlog,16/03/2026 16:12,p.nair
1511,Backlog,Waiting for In Progress,2026-03-20 06:11:06,a.kowalski
1511,Waiting for In Progress,In Progress,2026-03-23 16:00:14,p.nair
1511,In Progress,Waiting for Test,2026-03-24 15:32:52,s.rossi
1511,Waiting for Test,In Test,2026-03-24 18:18:41,a.kowalski
1511,In Test,Done,2026-03-24 21:59:38,p.nair
1511,Done,Released,2026-03-27 09:00:00,p.nair
1512,,Backlog,2026-03-16 07:39:05,a.kowalski
1512,Backlog,Waiting for In Progress,2026-03-17 12:29:39,s.rossi
1512,In Progress,Waiting for Test,2026-03-20 18:31:25,p.nair
1512,Waiting for Test,In Test,2026-03-23 09:08:17,s.rossi
1512,In Test,Done,2026-03-23 15:27:40,p.nair
1512,Done,Released,2026-03-27 09:00:00,p.nair
1513,,Backlog,2026-03-17 15:45:50,p.nair
1513,Backlog,Waiting for In Progress,2026-03-17 19:40:32,s.rossi
1513,Waiting for In Progress,In Progress,2026-03-20 07:18:58,s.rossi
1513,In Progress,Waiting for Test,2026-03-20 20:41:05,a.kowalski
1513,Waiting for Test,In Test,24/03/2026 02:20,s.rossi
1513,In Test,Done,2026-03-24 05:30:14,p.nair
1513,Done,Released,27/03/2026 09:00,s.rossi
1514,,Backlog,2026-03-13 17:37:21,p.nair
1514,Backlog,Waiting for In Progress,2026-03-16 09:50:56,a.kowalski
1514,Waiting for In Progress,In Progress,2026-03-19 20:00:32,p.nair
1514,In Progress,Waiting for Test,2026-03-20 03:16:46,s.rossi
1514,Waiting for Test,In Test,2026-03-23 22:56:28,p.nair
1514,In Test,Done,24/03/2026 05:04,s.rossi
1514,Done,Released,27/03/2026 09:00,a.kowalski
1515,,Backlog,2026-03-17 04:28:44,p.nair
1515,Backlog,Waiting for In Progress,2026-03-17 15:26:02,s.rossi
1515,Waiting for In Progress,In Progress,2026-03-23 15:15:13,p.nair
1515,In Progress,Waiting for Test,2026-03-23 18:26:33,a.kowalski
1515,Waiting for Test,In Test,2026-03-24 18:29:15,a.kowalski
1515,In Test,Done,2026-03-25 09:26:13,a.kowalski
1515,Done,Released,2026-03-27 09:00:00,s.rossi
1516,,Backlog,2026-03-16 15:08:13,p.nair
1516,Backlog,Waiting for In Progress,17/03/2026 00:50,s.rossi
1516,Waiting for In Progress,In Progress,2026-03-23 19:53:01,a.kowalski
1516,In Progress,Waiting for Test,24/03/2026 11:44,a.kowalski
1516,Waiting for Test,In Test,2026-03-27 13:44:25,a.kowalski
1516,In Test,Done,2026-03-27 22:52:40,a.kowalski
1516,Done,Released,2026-04-03 09:00:00,a.kowalski
1517,,Backlog,2026-03-16 16:04:00,p.nair
1517,Backlog,Waiting for In Progress,17/03/2026 00:35,s.rossi
1517,Waiting for In Progress,In Progress,18/03/2026 14:50,s.rossi
1517,In Progress,Waiting for Test,2026-03-18 21:04:52,p.nair
1517,Waiting for Test,In Test,2026-03-19 08:43:19,a.kowalski
1517,In Test,Done,2026-03-19 16:29:57,p.nair
1517,Done,Released,2026-03-20 09:00:00,a.kowalski
1518,,Backlog,2026-03-12 23:37:12,p.nair
1518,Backlog,Waiting for In Progress,2026-03-13 10:31:33,a.kowalski
1518,Waiting for In Progress,In Progress,2026-03-13 23:43:15,s.rossi
1518,In Progress,Waiting for Test,2026-03-16 00:07:57,p.nair
1518,Waiting for Test,In Test,2026-03-16 14:30:35,s.rossi
1518,In Test,Done,2026-03-16 23:19:35,p.nair
1518,Done,Released,2026-03-20 09:00:00,p.nair
1519,,Backlog,2026-03-13 08:38:40,c.mendes
1519,Backlog,Waiting for In Progress,2026-03-16 17:56:11,h.ozturk
1519,Waiting for In Progress,In Progress,2026-03-18 19:07:32,h.ozturk
1519,In Progress,Waiting for Test,2026-03-18 22:11:59,c.mendes
1519,Waiting for Test,In Test,2026-03-23 13:58:21,c.mendes
1519,In Test,Done,2026-03-23 21:39:09,c.mendes
1519,Done,Released,2026-03-27 09:00:00,c.mendes
1520,,Backlog,2026-03-18 16:51:07,h.ozturk
1520,Backlog,Waiting for In Progress,2026-03-19 00:53:00,c.mendes
1520,Waiting for In Progress,In Progress,2026-03-23 07:07:09,h.ozturk
1520,In Progress,Waiting for Test,2026-03-25 04:22:14,c.mendes
1520,Waiting for Test,In Test,2026-03-30 04:07:51,h.ozturk
1520,In Test,Done,2026-03-30 10:28:55,h.ozturk
1520,Done,Released,03/04/2026 09:00,h.ozturk
1521,,Backlog,2026-03-16 01:14:26,h.ozturk
1521,Backlog,Waiting for In Progress,2026-03-17 07:53:24,h.ozturk
1521,Waiting for In Progress,In Progress,2026-03-19 09:07:40,c.mendes
1521,In Progress,Waiting for Test,2026-03-19 15:43:03,c.mendes
1521,Waiting for Test,In Test,23/03/2026 15:42,c.mendes
1521,In Test,Done,2026-03-23 23:06:29,h.ozturk
1521,Done,In Progress,2026-03-25 15:26:46,c.mendes
1521,In Progress,Waiting for Test,2026-03-25 21:42:50,c.mendes
1521,Waiting for Test,In Test,2026-03-27 07:12:57,h.ozturk
1521,In Test,Done,2026-03-27 11:10:15,c.mendes
1521,Done,Released,2026-04-03 09:00:00,h.ozturk
1522,,Backlog,2026-03-13 15:07:18,h.ozturk
1522,Backlog,Waiting for In Progress,2026-03-16 20:46:14,c.mendes
1522,Waiting for In Progress,In Progress,2026-03-23 14:28:01,h.ozturk
1522,In Progress,Waiting for Test,2026-03-24 07:23:36,c.mendes
1522,Waiting for Test,In Test,2026-03-26 21:48:45,c.mendes
1522,In Test,Done,2026-03-27 08:51:53,h.ozturk
1522,Done,Released,2026-03-27 09:00:00,c.mendes
1523,,Backlog,2026-03-16 01:01:17,c.mendes
1523,Backlog,Waiting for In Progress,2026-03-18 13:58:53,c.mendes
1523,Waiting for In Progress,In Progress,2026-03-23 03:16:14,h.ozturk
1523,In Progress,Waiting for Test,2026-03-23 14:54:14,h.ozturk
1523,Waiting for Test,In Test,2026-03-23 21:49:42,c.mendes
1523,In Test,Done,2026-03-24 05:15:52,c.mendes
1523,Done,Released,2026-03-27 09:00:00,c.mendes
1524,,Backlog,2026-03-13 17:23:08,h.ozturk
1524,Backlog,Waiting for In Progress,2026-03-16 22:56:57,h.ozturk
1524,Waiting for In Progress,In Progress,2026-03-20 08:11:00,h.ozturk
1524,In Progress,Waiting for Test,2026-03-23 03:05:49,h.ozturk
1524,Waiting for Test,In Test,2026-03-26 02:17:42,c.mendes
1524,In Test,Done,2026-03-26 14:13:48,c.mendes
1524,Done,Released,2026-03-27 09:00:00,c.mendes
1525,,Backlog,2026-03-18 04:59:44,h.ozturk
1525,Backlog,Waiting for In Progress,18/03/2026 21:54,h.ozturk
1525,Waiting for In Progress,In Progress,2026-03-19 21:19:43,h.ozturk
1525,In Progress,Waiting for Test,2026-03-20 00:41:02,c.mendes
1525,Waiting for Test,In Test,2026-03-23 08:38:26,h.ozturk
1525,In Test,Done,2026-03-23 13:21:43,h.ozturk
1525,Done,Released,2026-03-27 09:00:00,h.ozturk
1526,,Backlog,2026-03-17 10:13:33,h.ozturk
1526,Backlog,Waiting for In Progress,2026-03-19 14:00:58,h.ozturk
1526,Waiting for In Progress,In Progress,2026-03-23 18:02:44,c.mendes
1526,In Progress,Waiting for Test,2026-03-25 08:53:31,h.ozturk
1526,Waiting for Test,In Test,2026-03-26 12:57:30,c.mendes
1526,In Test,Done,2026-03-26 16:39:10,h.ozturk
1526,Done,Released,2026-03-27 09:00:00,c.mendes
1527,,Backlog,2026-03-31 12:25:01,j.tan
1527,Backlog,Waiting for In Progress,2026-03-31 17:27:47,j.tan
1527,Waiting for In Progress,In Progress,2026-04-06 11:50:38,m.okafor
1527,In Progress,Waiting for Test,2026-04-07 00:23:58,r.silva
1527,Waiting for Test,In Test,2026-04-07 19:37:42,m.okafor
1527,In Test,Done,2026-04-08 01:06:58,j.tan
1527,Done,Released,2026-04-17 09:00:00,j.tan
1528,,Backlog,2026-03-31 16:00:21,r.silva
1528,Backlog,Waiting for In Progress,2026-04-03 05:30:31,r.silva
1528,Waiting for In Progress,In Progress,06/04/2026 16:56,r.silva
1528,In Progress,Waiting for Test,2026-04-07 00:41:03,j.tan
1528,Waiting for Test,In Test,2026-04-10 07:49:29,m.okafor
1528,In Test,Done,2026-04-10 13:01:34,r.silva
1528,Done,Released,2026-04-17 09:00:00,m.okafor
1529,,Backlog,2026-03-31 10:28:49,m.okafor
1529,Backlog,Waiting for In Progress,02/04/2026 14:36,m.okafor
1529,Waiting for In Progress,In Progress,2026-04-07 06:15:08,r.silva
1529,In Progress,Waiting for Test,2026-04-07 08:23:48,r.silva
1529,Waiting for Test,In Test,2026-04-08 21:07:02,j.tan
1529,In Test,Done,2026-04-09 03:50:59,r.silva
1529,Done,Released,2026-04-17 09:00:00,j.tan
1530,,Backlog,2026-03-26 11:18:48,m.okafor
1530,Backlog,Waiting for In Progress,30/03/2026 13:40,r.silva
1530,Waiting for In Progress,In Progress,2026-04-01 06:31:59,r.silva
1530,In Progress,Waiting for Test,2026-04-01 17:37:46,r.silva
1530,Waiting for Test,In Test,2026-04-06 05:40:28,j.tan
1530,In Test,Done,06/04/2026 16:56,j.tan
1530,Done,Released,2026-04-17 09:00:00,j.tan
1531,,Backlog,2026-03-30 16:36:04,r.silva
1531,Backlog,Waiting for In Progress,2026-04-02 18:23:13,j.tan
1531,Waiting for In Progress,In Progress,2026-04-06 03:14:07,j.tan
1531,In Progress,Waiting for Test,2026-04-06 11:17:30,m.okafor
1531,Waiting for Test,In Test,2026-04-09 11:06:25,r.silva
1531,In Test,Done,2026-04-09 18:59:16,r.silva
1531,Done,Released,2026-04-17 09:00:00,j.tan
1532,,Backlog,2026-03-30 20:52:25,m.okafor
1532,Backlog,Waiting for In Progress,2026-04-03 10:20:44,r.silva
1532,Waiting for In Progress,In Progress,2026-04-06 16:14:36,j.tan
1532,In Progress,Waiting for Test,2026-04-07 07:33:15,r.silva
1532,Waiting for Test,In Test,2026-04-08 04:22:44,m.okafor
1532,In Test,Done,2026-04-08 10:56:25,j.tan
1532,Done,Released,2026-04-17 09:00:00,j.tan
1533,,Backlog,2026-03-30 17:45:51,m.okafor
1533,Backlog,Waiting for In Progress,2026-04-02 04:26:40,j.tan
1533,Waiting for In Progress,In Progress,2026-04-02 08:46:35,r.silva
1533,In Progress,Waiting for Test,2026-04-02 15:50:48,m.okafor
1533,Waiting for Test,In Test,2026-04-03 19:13:22,m.okafor
1533,In Test,Done,2026-04-03 21:01:10,j.tan
1533,Done,Released,2026-04-17 09:00:00,j.tan
1534,,Backlog,31/03/2026 11:27,m.okafor
1534,Backlog,Waiting for In Progress,2026-04-03 11:47:17,j.tan
1534,Waiting for In Progress,In Progress,2026-04-03 16:33:33,m.okafor
1534,In Progress,Waiting for Test,2026-04-06 03:42:04,j.tan
1534,Waiting for Test,In Test,2026-04-09 04:37:23,j.tan
1534,In Test,Done,2026-04-09 08:15:33,m.okafor
1534,Done,Released,2026-04-17 09:00:00,r.silva
1535,,Backlog,2026-04-01 16:30:51,m.okafor
1535,Backlog,Waiting for In Progress,2026-04-02 00:11:56,m.okafor
1535,Waiting for In Progress,In Progress,2026-04-06 10:44:21,j.tan
1535,In Progress,Waiting for Test,2026-04-08 05:32:00,m.okafor
1535,Waiting for Test,In Test,2026-04-10 07:04:35,m.okafor
1535,In Test,Done,2026-04-10 20:50:57,m.okafor
1535,Done,Released,2026-04-17 09:00:00,j.tan
1536,,Backlog,2026-03-30 14:15:07,l.moreau
1536,Backlog,Waiting for In Progress,2026-04-01 11:47:48,l.moreau
1536,Waiting for In Progress,In Progress,2026-04-06 12:14:28,l.moreau
1536,In Progress,Waiting for Test,2026-04-08 01:38:49,d.byrne
1536,Waiting for Test,In Test,2026-04-13 08:12:53,l.moreau
1536,In Test,Done,2026-04-13 11:55:17,d.byrne
1536,Done,Released,2026-04-17 09:00:00,d.byrne
1537,,Backlog,2026-03-31 14:31:32,l.moreau
1537,Backlog,Waiting for In Progress,2026-04-01 18:08:07,l.moreau
1537,Waiting for In Progress,In Progress,2026-04-03 21:51:47,l.moreau
1537,In Progress,Waiting for Test,2026-04-06 04:25:48,l.moreau
1537,Waiting for Test,In Test,2026-04-06 06:28:25,l.moreau
1537,In Test,Done,2026-04-06 08:45:55,l.moreau
1537,Done,Released,2026-04-17 09:00:00,l.moreau
1538,,Backlog,2026-03-31 22:19:43,l.moreau
1538,Backlog,Waiting for In Progress,2026-04-06 06:54:07,l.moreau
1538,Waiting for In Progress,In Progress,2026-04-10 01:23:35,d.byrne
1538,In Progress,Waiting for Test,2026-04-10 09:36:05,l.moreau
1538,Waiting for Test,In Test,2026-04-13 20:22:28,d.byrne
1538,In Test,Done,2026-04-14 01:45:45,l.moreau
1538,Done,Released,2026-04-17 09:00:00,d.byrne
1539,,Backlog,2026-03-30 03:04:02,l.moreau
1539,Backlog,Waiting for In Progress,2026-03-31 02:01:14,d.byrne
1539,Waiting for In Progress,In Progress,2026-04-01 19:12:56,d.byrne
1539,In Progress,Waiting for Test,2026-04-02 07:39:01,l.moreau
1539,Waiting for Test,In Test,2026-04-06 12:13:51,d.byrne
1539,In Test,Done,2026-04-06 15:22:12,l.moreau
1539,Done,In Progress,2026-04-07 13:01:08,l.moreau
1539,In Progress,Waiting for Test,2026-04-07 16:04:40,l.moreau
1539,Waiting for Test,In Test,2026-04-08 09:17:41,d.byrne
1539,In Test,Done,2026-04-08 12:24:53,l.moreau
1539,Done,Released,2026-04-17 09:00:00,d.byrne
1539,Backlog,Waiting for In Progress,2026-03-31 02:01:14,d.byrne
1540,,Backlog,2026-03-31 13:02:10,l.moreau
1540,Backlog,Waiting for In Progress,2026-04-03 09:18:08,d.byrne
1540,Waiting for In Progress,In Progress,2026-04-07 18:45:01,d.byrne
1540,In Progress,Waiting for Test,09/04/2026 06:26,d.byrne
1540,Waiting for Test,In Test,2026-04-13 09:55:07,d.byrne
1540,In Test,Done,2026-04-14 19:32:02,d.byrne
1540,Done,Released,2026-04-17 09:00:00,l.moreau
1541,,Backlog,2026-03-27 17:37:48,l.moreau
1541,Backlog,Waiting for In Progress,2026-03-27 20:09:18,l.moreau
1541,Waiting for In Progress,In Progress,2026-03-30 03:28:54,l.moreau
1541,In Progress,Waiting for Test,2026-03-30 11:11:21,d.byrne
1541,Waiting for Test,In Test,2026-04-01 12:59:27,l.moreau
1541,In Test,Done,2026-04-02 05:34:57,d.byrne
1541,Done,Released,2026-04-03 09:00:00,l.moreau
1542,,Backlog,2026-04-01 09:47:56,l.moreau
1542,Backlog,Waiting for In Progress,2026-04-03 14:19:36,d.byrne
1542,Waiting for In Progress,In Progress,2026-04-06 14:51:15,l.moreau
1542,In Progress,Waiting for Test,2026-04-06 20:22:55,l.moreau
1542,Waiting for Test,In Test,2026-04-09 13:21:33,l.moreau
1542,In Test,Done,2026-04-09 21:35:50,l.moreau
1542,Done,In Progress,2026-04-10 06:30:17,l.moreau
1542,In Progress,Waiting for Test,2026-04-10 10:47:18,d.byrne
1542,Waiting for Test,In Test,2026-04-13 01:10:11,d.byrne
1542,In Test,Done,2026-04-13 08:42:02,l.moreau
1542,Done,Released,2026-04-17 09:00:00,d.byrne
1543,,Backlog,2026-03-31 04:23:20,l.moreau
1543,Backlog,Waiting for In Progress,2026-04-02 18:14:07,d.byrne
1543,Waiting for In Progress,In Progress,2026-04-03 22:46:26,d.byrne
1543,In Progress,Waiting for Test,2026-04-06 03:37:09,l.moreau
1543,Waiting for Test,In Test,2026-04-07 15:01:24,l.moreau
1543,In Test,Done,2026-04-07 20:17:52,l.moreau
1543,Done,Released,2026-04-17 09:00:00,d.byrne
1544,,Backlog,2026-03-31 07:55:57,l.moreau
1544,Backlog,Waiting for In Progress,2026-04-03 14:58:07,d.byrne
1544,Waiting for In Progress,In Progress,2026-04-06 13:13:44,d.byrne
1544,In Progress,Waiting for Test,2026-04-07 15:20:43,l.moreau
1544,Waiting for Test,In Test,2026-04-10 16:22:33,l.moreau
1544,In Test,Done,2026-04-13 08:47:13,l.moreau
1544,Done,Released,2026-04-17 09:00:00,d.byrne
1545,,Backlog,2026-03-30 09:16:58,a.kowalski
1545,Backlog,Waiting for In Progress,2026-04-02 02:19:35,a.kowalski
1545,Waiting for In Progress,In Progress,2026-04-06 18:48:21,s.rossi
1545,In Progress,Waiting for Test,2026-04-06 23:19:59,s.rossi
1545,Waiting for Test,In Test,2026-04-07 07:24:11,p.nair
1545,In Test,Done,2026-04-07 14:37:14,a.kowalski
1545,Done,Released,2026-04-17 09:00:00,s.rossi
1546,,Backlog,2026-03-30 03:43:01,s.rossi
1546,Backlog,Waiting for In Progress,2026-03-30 14:25:04,s.rossi
1546,Waiting for In Progress,In Progress,2026-03-31 03:39:45,a.kowalski
1546,In Progress,Waiting for Test,2026-03-31 23:10:03,s.rossi
1546,Waiting for Test,In Test,2026-04-03 22:38:51,s.rossi
1546,In Test,Done,06/04/2026 01:32,a.kowalski
1546,Done,Released,2026-04-17 09:00:00,a.kowalski
1547,,Backlog,2026-03-31 06:54:10,s.rossi
1547,Backlog,Waiting for In Progress,2026-04-03 12:24:04,s.rossi
1547,Waiting for In Progress,In Progress,2026-04-07 10:31:58,s.rossi
1547,In Progress,Waiting for Test,2026-04-07 19:55:21,p.nair
1547,Waiting for Test,In Test,2026-04-10 20:07:46,p.nair
1547,In Test,Done,2026-04-13 01:37:04,p.nair
1547,Done,Released,2026-04-17 09:00:00,s.rossi
1548,,Backlog,2026-03-26 18:33:05,a.kowalski
1548,Backlog,Waiting for In Progress,2026-03-30 02:21:35,s.rossi
1548,Waiting for In Progress,In Progress,2026-03-31 14:52:48,s.rossi
1548,In Progress,Waiting for Test,2026-03-31 19:46:32,s.rossi
1548,Waiting for Test,In Test,2026-04-02 14:01:20,p.nair
1548,In Test,Done,2026-04-02 18:35:20,a.kowalski
1548,Done,Released,2026-04-03 09:00:00,s.rossi
1549,,Backlog,2026-03-30 22:47:29,a.kowalski
1549,Backlog,Waiting for In Progress,2026-04-03 03:12:51,p.nair
1549,Waiting for In Progress,In Progress,2026-04-06 21:28:17,a.kowalski
1549,In Progress,Waiting for Test,2026-04-07 06:25:40,s.rossi
1549,Waiting for Test,In Test,2026-04-08 15:51:51,s.rossi
1549,In Test,Done,2026-04-08 19:49:27,a.kowalski
1549,Done,Released,2026-04-17 09:00:00,a.kowalski
1550,,Backlog,2026-04-01 02:39:01,h.ozturk
1550,Backlog,Waiting for In Progress,2026-04-03 00:24:38,c.mendes
1550,Waiting for In Progress,In Progress,2026-04-06 14:31:51,c.mendes
1550,In Progress,Waiting for Test,2026-04-07 00:00:06,h.ozturk
1550,Waiting for Test,In Test,07/04/2026 20:39,c.mendes
1550,In Test,Done,2026-04-08 03:26:29,h.ozturk
1550,Done,Released,17/04/2026 09:00,h.ozturk
1551,,Backlog,2026-04-01 02:58:02,h.ozturk
1551,Backlog,Waiting for In Progress,2026-04-03 23:01:59,c.mendes
1551,Waiting for In Progress,In Progress,2026-04-06 06:18:55,h.ozturk
1551,In Progress,Waiting for Test,2026-04-06 11:12:17,h.ozturk
1551,In Test,Done,2026-04-09 19:41:10,h.ozturk
1551,Done,Released,2026-04-17 09:00:00,h.ozturk
1552,,Backlog,2026-03-31 08:50:01,h.ozturk
1552,Backlog,Waiting for In Progress,2026-04-03 22:00:11,c.mendes
1553,,Backlog,2026-04-01 06:42:51,h.ozturk
1553,Backlog,Waiting for In Progress,2026-04-06 07:49:21,h.ozturk
1553,Waiting for In Progress,In Progress,2026-04-09 12:54:26,c.mendes
1553,In Progress,Waiting for Test,2026-04-10 07:07:05,h.ozturk
1553,Waiting for Test,In Test,2026-04-13 05:10:31,c.mendes
1553,In Test,Done,2026-04-13 12:10:53,c.mendes
1553,Done,Released,2026-04-17 09:00:00,h.ozturk
1554,,Backlog,2026-03-27 09:40:22,h.ozturk
1554,Backlog,Waiting for In Progress,2026-03-30 21:13:17,c.mendes
1554,Waiting for In Progress,In Progress,2026-04-03 18:20:40,h.ozturk
1554,In Progress,Waiting for Test,2026-04-06 06:19:30,h.ozturk
1554,Waiting for Test,In Test,2026-04-08 08:45:03,h.ozturk
1554,In Test,Done,2026-04-08 13:49:41,c.mendes
1554,Done,Released,2026-04-17 09:00:00,h.ozturk
1555,,Backlog,31/03/2026 13:12,h.ozturk
1555,Backlog,Waiting for In Progress,2026-04-03 09:29:47,c.mendes
1555,Waiting for In Progress,In Progress,2026-04-06 04:07:50,c.mendes
1555,In Progress,Waiting for Test,2026-04-06 09:06:54,c.mendes
1555,Waiting for Test,In Test,2026-04-06 11:31:20,c.mendes
1555,In Test,Done,2026-04-06 21:00:55,c.mendes
1555,Done,Released,2026-04-17 09:00:00,c.mendes
1556,,Backlog,2026-03-31 16:29:50,c.mendes
1556,Backlog,Waiting for In Progress,2026-04-02 13:32:17,h.ozturk
1556,Waiting for In Progress,In Progress,2026-04-06 00:37:22,c.mendes
1556,In Progress,Waiting for Test,2026-04-07 04:04:11,c.mendes
1556,Waiting for Test,In Test,2026-04-09 00:34:23,c.mendes
1556,In Test,Done,2026-04-09 09:54:33,h.ozturk
1556,Done,Released,2026-04-17 09:00:00,c.mendes
1557,,Backlog,2026-04-15 13:24:25,m.okafor
1557,Backlog,Waiting for In Progress,2026-04-15 19:55:45,m.okafor
1557,Waiting for In Progress,In Progress,2026-04-20 15:47:18,j.tan
1557,In Progress,Waiting for Test,2026-04-21 08:50:46,j.tan
1557,Waiting for Test,In Test,2026-04-22 22:29:32,j.tan
1557,In Test,Done,2026-04-23 05:42:13,r.silva
1557,Done,Released,01/05/2026 09:00,j.tan
1557,,Backlog,2026-04-15 13:24:25,m.okafor
1558,,Backlog,14/04/2026 18:01,r.silva
1558,Backlog,Waiting for In Progress,2026-04-17 11:40:46,m.okafor
1558,Waiting for In Progress,In Progress,2026-04-20 16:55:35,r.silva
1558,In Progress,Waiting for Test,2026-04-23 00:20:04,m.okafor
1558,Waiting for Test,In Test,2026-04-27 00:25:30,j.tan
1558,In Test,Done,2026-04-27 05:33:06,r.silva
1558,Done,In Progress,2026-05-01 15:21:31,j.tan
1558,In Progress,Waiting for Test,2026-05-04 11:35:53,m.okafor
1558,Waiting for Test,In Test,06/05/2026 07:46,j.tan
1558,In Test,Done,2026-05-06 11:46:32,m.okafor
1558,Done,Released,2026-05-11 09:00:00,m.okafor
1559,,Backlog,2026-04-13 02:21:50,r.silva
1559,Backlog,Waiting for In Progress,2026-04-14 11:07:36,r.silva
1559,Waiting for In Progress,In Progress,2026-04-20 09:52:15,r.silva
1559,In Progress,Waiting for Test,2026-04-20 19:37:10,r.silva
1559,Waiting for Test,In Test,2026-04-21 17:21:11,m.okafor
1559,In Test,Done,2026-04-21 19:28:15,j.tan
1559,Done,Released,2026-05-01 09:00:00,r.silva
1560,,Backlog,2026-04-14 01:33:55,r.silva
1560,Backlog,Waiting for In Progress,2026-04-17 05:02:33,m.okafor
1560,Waiting for In Progress,In Progress,2026-04-21 04:21:56,m.okafor
1560,In Progress,Waiting for Test,2026-04-21 10:07:00,r.silva
1560,Waiting for Test,In Test,2026-04-21 19:46:35,j.tan
1560,In Test,Done,2026-04-21 22:59:00,m.okafor
1560,Done,Released,2026-05-01 09:00:00,j.tan
1561,,Backlog,2026-04-10 08:31:02,j.tan
1561,Backlog,Waiting for In Progress,2026-04-10 17:15:24,m.okafor
1561,Waiting for In Progress,In Progress,2026-04-13 11:25:35,m.okafor
1561,In Progress,Waiting for Test,2026-04-13 23:13:07,j.tan
1561,Waiting for Test,In Test,2026-04-15 20:21:21,r.silva
1561,In Test,Done,2026-04-16 01:55:08,j.tan
1562,,Backlog,2026-04-14 05:06:21,r.silva
1562,Backlog,Waiting for In Progress,2026-04-14 14:41:54,j.tan
1562,Waiting for In Progress,In Progress,2026-04-14 17:47:08,j.tan
1562,In Progress,Waiting for Test,2026-04-15 17:58:42,r.silva
1562,Waiting for Test,In Test,2026-04-20 23:00:20,r.silva
1562,In Test,Done,2026-04-21 04:48:17,r.silva
1562,Done,Released,2026-05-01 09:00:00,r.silva
1563,,Backlog,2026-04-13 09:54:56,r.silva
1563,Backlog,Waiting for In Progress,2026-04-16 10:19:11,r.silva
1563,Waiting for In Progress,In Progress,2026-04-20 14:51:22,j.tan
1563,In Progress,Waiting for Test,2026-04-20 22:51:05,j.tan
1563,Waiting for Test,In Test,2026-04-24 06:43:00,m.okafor
1563,In Test,Done,2026-04-24 10:34:33,r.silva
1563,Done,Released,2026-05-01 09:00:00,r.silva
1564,,Backlog,2026-04-09 22:45:51,m.okafor
1564,Backlog,Waiting for In Progress,2026-04-13 02:54:23,m.okafor
1564,Waiting for In Progress,In Progress,2026-04-13 09:45:25,j.tan
1564,In Progress,Waiting for Test,2026-04-14 03:14:22,j.tan
1564,Waiting for Test,In Test,2026-04-15 13:04:23,r.silva
1564,In Test,Done,15/04/2026 17:46,m.okafor
1564,Done,Released,2026-04-17 09:00:00,j.tan
1565,,Backlog,2026-04-14 06:15:37,r.silva
1565,Backlog,Waiting for In Progress,2026-04-14 21:27:23,j.tan
1565,Waiting for In Progress,In Progress,20/04/2026 21:09,j.tan
1565,In Progress,Waiting for Test,2026-04-21 00:25:09,r.silva
1565,Waiting for Test,In Test,2026-04-22 20:42:11,m.okafor
1565,In Test,Done,2026-04-23 00:06:43,r.silva
1565,Done,Released,2026-05-01 09:00:00,j.tan
1566,,Backlog,2026-04-13 09:37:00,r.silva
1566,Backlog,Waiting for In Progress,2026-04-16 10:15:06,r.silva
1566,Waiting for In Progress,In Progress,2026-04-17 04:08:11,j.tan
1566,In Progress,Waiting for Test,2026-04-20 01:27:49,j.tan
1566,Waiting for Test,In Test,2026-04-21 15:23:18,r.silva
1566,In Test,Done,21/04/2026 21:35,m.okafor
1566,Done,Released,2026-05-01 09:00:00,r.silva
1567,,Backlog,2026-04-14 14:23:31,r.silva
1567,Backlog,Waiting for In Progress,2026-04-14 23:18:31,r.silva
1568,,Backlog,2026-04-15 01:02:48,d.byrne
1568,Backlog,Waiting for In Progress,2026-04-16 16:31:12,l.moreau
1568,Waiting for In Progress,In Progress,2026-04-20 04:09:38,l.moreau
1568,In Progress,Waiting for Test,2026-04-20 16:03:18,d.byrne
1568,Waiting for Test,In Test,2026-04-22 09:21:20,d.byrne
1568,In Test,Done,2026-04-22 16:32:22,d.byrne
1568,Done,Released,2026-05-01 09:00:00,d.byrne
1569,,Backlog,2026-04-15 12:49:00,l.moreau
1569,Backlog,Waiting for In Progress,2026-04-16 10:06:29,d.byrne
1569,Waiting for In Progress,In Progress,2026-04-20 18:31:14,l.moreau
1569,In Progress,Waiting for Test,2026-04-21 02:20:18,d.byrne
1569,Waiting for Test,In Test,2026-04-24 05:47:25,l.moreau
1569,In Test,Done,2026-04-24 11:43:57,d.byrne
1569,Done,Released,2026-05-01 09:00:00,l.moreau
1570,,Backlog,2026-04-15 09:02:14,d.byrne
1570,Backlog,Waiting for In Progress,2026-04-16 07:04:10,l.moreau
1570,Waiting for In Progress,In Progress,2026-04-20 15:59:48,l.moreau
1570,In Progress,Waiting for Test,2026-04-21 08:53:47,l.moreau
1570,Waiting for Test,In Test,2026-04-23 19:06:30,l.moreau
1570,In Test,Done,23/04/2026 23:44,l.moreau
1570,Done,Released,2026-05-01 09:00:00,d.byrne
1571,,Backlog,2026-04-14 02:49:16,l.moreau
1571,Backlog,Waiting for In Progress,2026-04-16 05:00:56,l.moreau
1571,Waiting for In Progress,In Progress,2026-04-17 13:48:13,l.moreau
1571,In Progress,Waiting for Test,2026-04-17 23:33:56,d.byrne
1571,Waiting for Test,In Test,2026-04-20 02:44:32,d.byrne
1571,In Test,Done,2026-04-20 09:32:22,l.moreau
1571,Done,Released,2026-05-01 09:00:00,l.moreau
1572,,Backlog,2026-04-15 06:20:33,l.moreau
1572,Backlog,Waiting for In Progress,2026-04-20 07:23:20,d.byrne
1572,Waiting for In Progress,In Progress,24/04/2026 08:49,l.moreau
1572,In Progress,Waiting for Test,2026-04-24 16:42:19,l.moreau
1572,Waiting for Test,In Test,2026-04-27 04:06:47,d.byrne
1572,In Test,Done,2026-04-27 10:29:15,l.moreau
1572,Done,Released,2026-05-01 09:00:00,d.byrne
1573,,Backlog,2026-04-10 19:23:01,l.moreau
1573,Backlog,Waiting for In Progress,2026-04-13 08:12:25,l.moreau
1573,Waiting for In Progress,In Progress,2026-04-15 22:30:16,l.moreau
1573,In Progress,Waiting for Test,2026-04-16 12:17:09,l.moreau
1573,Waiting for Test,In Test,2026-04-20 13:21:43,d.byrne
1573,In Test,Done,2026-04-20 20:03:45,l.moreau
1573,Done,Released,2026-05-01 09:00:00,l.moreau
1574,,Backlog,2026-04-14 12:19:03,l.moreau
1574,Backlog,Waiting for In Progress,2026-04-16 11:39:49,l.moreau
1574,Waiting for In Progress,In Progress,20/04/2026 07:31,d.byrne
1574,In Progress,Waiting for Test,20/04/2026 15:39,l.moreau
1574,Waiting for Test,In Test,2026-04-22 06:49:19,l.moreau
1574,In Test,Done,2026-04-22 15:17:55,d.byrne
1574,Done,Released,2026-05-01 09:00:00,l.moreau
1575,,Backlog,2026-04-10 00:31:58,l.moreau
1575,Backlog,Waiting for In Progress,2026-04-13 02:01:31,l.moreau
1575,Waiting for In Progress,In Progress,2026-04-17 08:40:38,d.byrne
1575,In Progress,Waiting for Test,2026-04-20 12:53:10,l.moreau
1575,Waiting for Test,In Test,2026-04-21 05:19:21,l.moreau
1575,In Test,Done,2026-04-21 11:41:39,d.byrne
1575,Done,Released,2026-05-01 09:00:00,l.moreau
1576,,Backlog,2026-04-15 06:52:20,d.byrne
1576,Backlog,Waiting for In Progress,2026-04-16 11:57:58,l.moreau
1576,Waiting for In Progress,In Progress,2026-04-17 05:59:58,l.moreau
1576,In Progress,Waiting for Test,2026-04-20 20:16:09,l.moreau
1576,Waiting for Test,In Test,2026-04-22 15:00:59,d.byrne
1576,In Test,Done,2026-04-22 21:44:12,l.moreau
1576,Done,Released,2026-05-01 09:00:00,l.moreau
1577,,Backlog,2026-04-14 16:30:21,l.moreau
1577,Backlog,Waiting for In Progress,2026-04-16 08:52:32,d.byrne
1577,Waiting for In Progress,In Progress,2026-04-17 15:44:43,l.moreau
1577,In Progress,Waiting for Test,2026-04-20 02:25:56,l.moreau
1577,Waiting for Test,In Test,2026-04-21 13:49:13,d.byrne
1577,In Test,Done,2026-04-21 20:47:35,l.moreau
1577,Done,In Progress,2026-04-23 10:34:33,d.byrne
1577,Waiting for Test,In Test,2026-04-27 17:30:20,d.byrne
1577,In Test,Done,2026-04-27 19:52:07,l.moreau
1577,Done,Released,2026-05-01 09:00:00,d.byrne
1578,,Backlog,2026-04-14 03:37:16,a.kowalski
1578,Backlog,Waiting for In Progress,2026-04-17 18:42:37,p.nair
1578,Waiting for In Progress,In Progress,2026-04-20 11:52:31,a.kowalski
1578,In Progress,Waiting for Test,2026-04-21 07:24:21,a.kowalski
1578,Waiting for Test,In Test,2026-04-24 08:31:32,a.kowalski
1578,In Test,Done,2026-04-24 17:38:57,s.rossi
1578,Done,Released,2026-05-01 09:00:00,s.rossi
1579,,Backlog,2026-04-14 01:16:33,s.rossi
1579,Backlog,Waiting for In Progress,2026-04-14 17:17:08,s.rossi
1579,Waiting for In Progress,In Progress,2026-04-15 05:25:02,p.nair
1579,In Progress,Waiting for Test,2026-04-15 12:36:38,p.nair
1579,Waiting for Test,In Test,2026-04-20 20:18:09,a.kowalski
1579,In Test,Done,2026-04-21 01:44:28,p.nair
1579,Done,Released,2026-05-01 09:00:00,p.nair
1580,,Backlog,13/04/2026 21:32,a.kowalski
1580,Backlog,Waiting for In Progress,2026-04-14 05:59:07,p.nair
1580,Waiting for In Progress,In Progress,2026-04-15 17:49:55,p.nair
1580,In Progress,Waiting for Test,2026-04-16 09:22:30,s.rossi
1580,Waiting for Test,In Test,2026-04-17 12:05:13,s.rossi
1580,In Test,Done,2026-04-17 15:59:14,s.rossi
1580,Done,Released,2026-05-01 09:00:00,s.rossi
1581,,Backlog,2026-04-10 20:45:39,p.nair
1581,Backlog,Waiting for In Progress,2026-04-13 13:09:57,p.nair
1581,Waiting for In Progress,In Progress,2026-04-15 13:38:41,a.kowalski
1581,In Progress,Waiting for Test,2026-04-17 13:22:10,a.kowalski
1581,Waiting for Test,In Test,2026-04-20 07:20:31,p.nair
1581,In Test,Done,2026-04-20 11:12:20,p.nair
1581,Done,Released,2026-05-01 09:00:00,s.rossi
1582,,Backlog,13/04/2026 20:57,s.rossi
1582,Backlog,Waiting for In Progress,2026-04-16 14:25:21,p.nair
1582,Waiting for In Progress,In Progress,2026-04-20 19:36:28,p.nair
1582,In Progress,Waiting for Test,2026-04-21 05:28:37,p.nair
1582,Waiting for Test,In Test,2026-04-24 08:13:16,a.kowalski
1582,In Test,Done,2026-04-24 15:13:57,s.rossi
1582,Done,Released,2026-05-01 09:00:00,p.nair
1583,,Backlog,2026-04-13 13:09:06,p.nair
1583,Backlog,Waiting for In Progress,2026-04-14 21:34:34,s.rossi
1583,Waiting for In Progress,In Progress,20/04/2026 16:15,a.kowalski
1584,,Backlog,2026-04-13 12:49:15,a.kowalski
1584,Backlog,Waiting for In Progress,2026-04-16 09:41:24,p.nair
1584,Waiting for In Progress,In Progress,2026-04-17 17:40:05,p.nair
1584,In Progress,Waiting for Test,2026-04-20 03:38:24,p.nair
1584,Waiting for Test,In Test,2026-04-23 11:13:37,p.nair
1584,In Test,Done,23/04/2026 13:28,p.nair
1584,Done,Released,2026-05-01 09:00:00,s.rossi
1585,,Backlog,2026-04-13 07:21:37,s.rossi
1585,Backlog,Waiting for In Progress,2026-04-16 09:00:40,p.nair
1585,Waiting for In Progress,In Progress,2026-04-20 21:31:03,a.kowalski
1585,In Progress,Waiting for Test,2026-04-21 00:35:39,s.rossi
1585,Waiting for Test,In Test,2026-04-21 12:18:04,a.kowalski
1585,In Test,Done,2026-04-21 15:57:16,p.nair
1585,Done,Released,2026-05-01 09:00:00,a.kowalski
1586,,Backlog,2026-04-14 01:14:09,a.kowalski
1586,Backlog,Waiting for In Progress,2026-04-16 12:29:41,p.nair
1586,Waiting for In Progress,In Progress,2026-04-17 15:46:37,s.rossi
1587,,Backlog,2026-04-13 20:37:24,a.kowalski
1587,Backlog,Waiting for In Progress,2026-04-17 06:19:53,s.rossi
1587,Waiting for In Progress,In Progress,2026-04-20 06:10:49,p.nair
1587,In Progress,Waiting for Test,2026-04-21 04:44:01,p.nair
1587,Waiting for Test,In Test,2026-04-23 14:08:07,s.rossi
1587,In Test,Done,2026-04-23 21:14:03,a.kowalski
1587,Done,Released,2026-05-01 09:00:00,s.rossi
1588,,Backlog,2026-04-14 16:25:27,h.ozturk
1588,Backlog,Waiting for In Progress,2026-04-14 23:55:13,h.ozturk
1588,Waiting for In Progress,In Progress,2026-04-20 15:03:28,h.ozturk
1588,In Progress,Waiting for Test,2026-04-21 01:45:52,h.ozturk
1589,,Backlog,2026-04-10 10:14:22,h.ozturk
1589,Backlog,Waiting for In Progress,2026-04-13 22:40:51,c.mendes
1589,Waiting for In Progress,In Progress,2026-04-16 21:32:03,c.mendes
1589,In Progress,Waiting for Test,2026-04-17 03:46:14,h.ozturk
1589,Waiting for Test,In Test,2026-04-20 04:03:33,c.mendes
1589,In Test,Done,2026-04-20 09:13:04,c.mendes
1589,Done,Released,2026-05-01 09:00:00,c.mendes
1590,,Backlog,14/04/2026 15:30,c.mendes
1590,Backlog,Waiting for In Progress,2026-04-15 12:14:02,c.mendes
1590,Waiting for In Progress,In Progress,2026-04-17 11:54:23,h.ozturk
1590,In Progress,Waiting for Test,2026-04-20 01:32:23,c.mendes
1590,Waiting for Test,In Test,2026-04-22 18:49:46,h.ozturk
1590,In Test,Done,23/04/2026 05:49,h.ozturk
1590,Done,Released,2026-05-01 09:00:00,h.ozturk
1591,,Backlog,2026-04-13 20:25:37,h.ozturk
1591,Backlog,Waiting for In Progress,2026-04-17 08:29:42,c.mendes
1591,Waiting for In Progress,In Progress,2026-04-20 15:51:48,c.mendes
1591,In Progress,Waiting for Test,2026-04-21 06:11:59,c.mendes
1591,In Test,Done,24/04/2026 04:06,h.ozturk
1591,Done,Released,2026-05-01 09:00:00,h.ozturk
1592,,Backlog,14/04/2026 09:40,c.mendes
1592,Backlog,Waiting for In Progress,2026-04-17 04:08:58,h.ozturk
1592,Waiting for In Progress,In Progress,2026-04-20 13:01:53,h.ozturk
1592,In Progress,Waiting for Test,2026-04-20 20:55:29,c.mendes
1592,Waiting for Test,In Test,2026-04-22 14:34:11,h.ozturk
1592,In Test,Done,2026-04-23 01:13:28,c.mendes
1592,Done,Released,2026-05-01 09:00:00,h.ozturk
1593,,Backlog,2026-04-15 10:51:17,c.mendes
1593,Backlog,Waiting for In Progress,2026-04-16 04:55:06,c.mendes
1593,Waiting for In Progress,In Progress,2026-04-16 23:52:42,h.ozturk
1593,In Progress,Waiting for Test,2026-04-17 04:00:15,h.ozturk
1593,Waiting for Test,In Test,2026-04-17 21:45:40,c.mendes
1593,In Test,Done,2026-04-20 01:17:23,c.mendes
1593,Done,Released,2026-05-01 09:00:00,h.ozturk
1594,,Backlog,2026-04-14 03:18:58,c.mendes
1594,Backlog,Waiting for In Progress,2026-04-15 11:38:50,c.mendes
1594,Waiting for In Progress,In Progress,2026-04-20 17:36:57,c.mendes
1594,In Progress,Waiting for Test,2026-04-21 21:30:08,h.ozturk
1594,Waiting for Test,In Test,2026-04-22 13:06:32,c.mendes
1594,In Test,Done,2026-04-22 17:42:25,h.ozturk
1594,Done,Released,2026-05-01 09:00:00,h.ozturk
1595,,Backlog,2026-04-15 05:21:00,c.mendes
1595,Backlog,Waiting for In Progress,2026-04-15 08:35:06,h.ozturk
1595,Waiting for In Progress,In Progress,2026-04-16 14:21:54,h.ozturk
1595,In Progress,Waiting for Test,2026-04-16 22:10:16,h.ozturk
1595,Waiting for Test,In Test,2026-04-20 01:20:57,h.ozturk
1595,In Test,Done,2026-04-20 05:57:25,c.mendes
1595,Done,Released,2026-05-01 09:00:00,h.ozturk
1596,,Backlog,2026-04-13 23:22:56,c.mendes
1596,Backlog,Waiting for In Progress,2026-04-17 07:31:11,c.mendes
1596,Waiting for In Progress,In Progress,2026-04-21 08:49:14,h.ozturk
1596,In Progress,Waiting for Test,2026-04-21 15:15:22,h.ozturk
1596,Waiting for Test,In Test,2026-04-23 02:04:45,c.mendes
1596,In Test,Done,2026-04-23 06:52:42,h.ozturk
1596,Done,Released,2026-05-01 09:00:00,c.mendes
1597,,Backlog,2026-04-14 02:46:51,c.mendes
1597,Backlog,Waiting for In Progress,2026-04-17 02:54:39,h.ozturk
1597,Waiting for In Progress,In Progress,2026-04-17 09:57:26,c.mendes
1597,In Progress,Waiting for Test,2026-04-20 17:26:33,c.mendes
1597,Waiting for Test,In Test,2026-04-21 07:21:45,h.ozturk
1597,In Test,Done,2026-04-21 19:49:36,c.mendes
1597,Done,In Progress,2026-04-23 16:42:50,c.mendes
1597,In Progress,Waiting for Test,2026-04-24 07:01:23,c.mendes
1597,Waiting for Test,In Test,2026-04-27 06:36:04,h.ozturk
1597,In Test,Done,2026-04-27 13:59:03,h.ozturk
1597,Done,Released,2026-05-01 09:00:00,c.mendes
1598,,Backlog,2026-04-10 20:25:49,c.mendes
1598,Backlog,Waiting for In Progress,2026-04-13 13:00:46,c.mendes
1598,Waiting for In Progress,In Progress,2026-04-16 21:47:18,c.mendes
1598,In Progress,Waiting for Test,2026-04-20 01:19:25,h.ozturk
1598,Waiting for Test,In Test,2026-04-21 21:31:22,c.mendes
1598,In Test,Done,2026-04-22 07:07:40,c.mendes
1598,Done,Released,2026-05-01 09:00:00,c.mendes
1599,,Backlog,2026-04-24 16:02:52,r.silva
1599,Backlog,Waiting for In Progress,2026-04-27 18:26:13,j.tan
1599,Waiting for In Progress,In Progress,2026-04-29 05:48:05,j.tan
1599,In Progress,Waiting for Test,2026-04-30 09:40:11,j.tan
1599,Waiting for Test,In Test,2026-05-01 06:17:23,j.tan
1599,In Test,Done,2026-05-01 19:59:52,j.tan
1599,Done,Released,2026-05-11 09:00:00,r.silva
1600,,Backlog,2026-04-28 16:56:56,j.tan
1600,Backlog,Waiting for In Progress,2026-04-29 23:13:43,r.silva
1600,Waiting for In Progress,In Progress,2026-05-04 03:29:44,r.silva
1600,In Progress,Waiting for Test,2026-05-04 10:53:06,r.silva
1601,,Backlog,2026-04-29 04:08:18,r.silva
1601,Backlog,Waiting for In Progress,2026-05-04 19:15:50,m.okafor
1601,Waiting for In Progress,In Progress,2026-05-07 07:47:31,m.okafor
1601,In Progress,Waiting for Test,2026-05-07 15:59:46,j.tan
1601,Waiting for Test,In Test,2026-05-07 18:44:00,j.tan
1601,In Test,Done,2026-05-08 10:48:13,r.silva
1601,Done,Released,2026-05-11 09:00:00,j.tan
1602,,Backlog,2026-04-24 10:16:23,j.tan
1602,Backlog,Waiting for In Progress,2026-04-24 21:29:57,j.tan
1602,Waiting for In Progress,In Progress,2026-04-27 17:47:51,j.tan
1602,In Progress,Waiting for Test,2026-04-28 08:04:22,j.tan
1602,Waiting for Test,In Test,2026-04-29 08:51:21,m.okafor
1602,In Test,Done,2026-04-29 12:38:51,r.silva
1602,Done,Released,2026-05-01 09:00:00,r.silva
1603,,Backlog,2026-04-28 10:07:02,r.silva
1603,Backlog,Waiting for In Progress,2026-04-29 02:05:08,r.silva
1603,Waiting for In Progress,In Progress,2026-05-04 18:12:28,r.silva
1603,In Progress,Waiting for Test,2026-05-05 01:01:05,j.tan
1603,Waiting for Test,In Test,2026-05-07 13:24:31,r.silva
1603,In Test,Done,2026-05-07 17:23:25,r.silva
1603,Done,Released,2026-05-11 09:00:00,r.silva
1604,,Backlog,28/04/2026 18:14,m.okafor
1604,Backlog,Waiting for In Progress,2026-04-30 02:46:39,m.okafor
1604,Waiting for In Progress,In Progress,2026-05-04 22:12:00,j.tan
1604,In Progress,Waiting for Test,2026-05-05 06:07:02,m.okafor
1604,Waiting for Test,In Test,2026-05-06 12:19:17,j.tan
1604,In Test,Done,2026-05-06 14:17:57,m.okafor
1604,Done,Released,2026-05-11 09:00:00,r.silva
1605,,Backlog,2026-04-27 08:49:35,j.tan
1605,Backlog,Waiting for In Progress,2026-04-30 18:23:46,r.silva
1605,Waiting for In Progress,In Progress,30/04/2026 20:26,r.silva
1605,In Progress,Waiting for Test,2026-05-04 11:38:48,j.tan
1605,Waiting for Test,In Test,2026-05-07 11:38:43,m.okafor
1605,In Test,Done,2026-05-07 17:56:28,r.silva
1605,Done,Released,2026-05-11 09:00:00,r.silva
1606,,Backlog,2026-04-27 09:56:33,j.tan
1606,Backlog,Waiting for In Progress,2026-04-29 15:10:30,r.silva
1606,Waiting for In Progress,In Progress,2026-04-29 23:22:47,m.okafor
1606,In Progress,Waiting for Test,2026-04-30 13:50:29,m.okafor
1606,Waiting for Test,In Test,2026-05-01 06:17:39,j.tan
1606,In Test,Done,2026-05-04 00:22:46,j.tan
1606,Done,Released,2026-05-11 09:00:00,r.silva
1607,,Backlog,2026-04-23 13:16:53,j.tan
1607,Backlog,Waiting for In Progress,2026-04-24 18:24:40,r.silva
1607,Waiting for In Progress,In Progress,2026-04-27 17:06:11,r.silva
1607,In Progress,Waiting for Test,2026-04-28 22:59:25,m.okafor
1607,Waiting for Test,In Test,2026-05-04 00:35:54,r.silva
1607,In Test,Done,2026-05-04 03:15:36,j.tan
1607,Done,Released,2026-05-11 09:00:00,j.tan
1608,,Backlog,2026-04-24 13:49:55,m.okafor
1608,Backlog,Waiting for In Progress,2026-04-27 06:38:28,j.tan
1608,Waiting for In Progress,In Progress,27/04/2026 15:27,r.silva
1608,In Progress,Waiting for Test,2026-04-28 03:00:11,r.silva
1608,Waiting for Test,In Test,30/04/2026 15:52,j.tan
1608,In Test,Done,2026-05-01 01:32:10,j.tan
1608,Done,Released,2026-05-01 09:00:00,m.okafor
1609,,Backlog,2026-04-27 22:56:22,j.tan
1609,Backlog,Waiting for In Progress,2026-05-01 05:46:06,r.silva
1609,Waiting for In Progress,In Progress,2026-05-04 20:26:20,j.tan
1609,In Progress,Waiting for Test,06/05/2026 02:37,r.silva
1609,Waiting for Test,In Test,2026-05-11 03:54:35,m.okafor
1609,In Test,Done,2026-05-11 07:54:38,r.silva
1609,Done,Released,2026-05-11 09:00:00,j.tan
1610,,Backlog,2026-04-24 09:05:03,j.tan
1610,Backlog,Waiting for In Progress,2026-04-27 09:16:00,r.silva
1610,Waiting for In Progress,In Progress,2026-04-29 08:11:51,r.silva
1610,In Progress,Waiting for Test,2026-04-29 18:49:11,m.okafor
1610,Waiting for Test,In Test,2026-05-04 03:40:30,r.silva
1610,In Test,Done,2026-05-04 09:34:40,j.tan
1610,Done,Released,2026-05-11 09:00:00,m.okafor
1611,,Backlog,2026-04-27 23:15:09,d.byrne
1611,Backlog,Waiting for In Progress,2026-04-29 18:31:47,d.byrne
1611,Waiting for In Progress,In Progress,2026-05-01 17:25:17,d.byrne
1611,In Progress,Waiting for Test,2026-05-01 22:57:25,l.moreau
1611,Waiting for Test,In Test,2026-05-04 02:16:39,d.byrne
1611,In Test,Done,04/05/2026 09:46,l.moreau
1611,Done,Released,2026-05-11 09:00:00,d.byrne
1612,,Backlog,2026-04-28 16:06:28,d.byrne
1612,Backlog,Waiting for In Progress,29/04/2026 06:48,d.byrne
1612,Waiting for In Progress,In Progress,2026-05-04 00:46:51,l.moreau
1612,In Progress,Waiting for Test,2026-05-04 06:30:42,d.byrne
1612,Waiting for Test,In Test,2026-05-05 00:25:19,d.byrne
1612,In Test,Done,2026-05-05 14:23:55,l.moreau
1612,Done,Released,2026-05-11 09:00:00,l.moreau
1613,,Backlog,28/04/2026 03:21,l.moreau
1613,Backlog,Waiting for In Progress,2026-04-28 07:48:53,d.byrne
1613,Waiting for In Progress,In Progress,30/04/2026 10:17,l.moreau
1613,In Progress,Waiting for Test,2026-05-01 00:13:49,l.moreau
1613,Waiting for Test,In Test,2026-05-04 06:18:54,l.moreau
1613,In Test,Done,2026-05-04 18:11:53,l.moreau
1613,Done,Released,2026-05-11 09:00:00,l.moreau
1614,,Backlog,28/04/2026 00:37,l.moreau
1614,Backlog,Waiting for In Progress,2026-04-29 15:43:04,d.byrne
1614,In Progress,Waiting for Test,01/05/2026 05:19,l.moreau
1614,Waiting for Test,In Test,2026-05-01 22:27:48,l.moreau
1614,In Test,Done,04/05/2026 01:08,l.moreau
1614,Done,Released,2026-05-11 09:00:00,d.byrne
1615,,Backlog,2026-04-27 11:36:42,l.moreau
1615,Backlog,Waiting for In Progress,2026-04-29 03:52:09,l.moreau
1615,Waiting for In Progress,In Progress,2026-04-29 12:35:30,l.moreau
1615,In Progress,Waiting for Test,2026-04-30 00:46:36,d.byrne
1615,Waiting for Test,In Test,2026-05-01 12:31:08,d.byrne
1615,In Test,Done,2026-05-01 23:14:02,d.byrne
1615,Done,Released,2026-05-11 09:00:00,d.byrne
1616,,Backlog,2026-04-27 23:48:54,l.moreau
1616,Backlog,Waiting for In Progress,2026-04-28 14:43:13,d.byrne
1616,Waiting for In Progress,In Progress,2026-05-01 12:22:59,l.moreau
1616,In Progress,Waiting for Test,2026-05-04 00:12:02,l.moreau
1616,Waiting for Test,In Test,2026-05-05 21:08:25,d.byrne
1616,In Test,Done,2026-05-06 06:28:52,l.moreau
1616,Done,Released,2026-05-11 09:00:00,l.moreau
1617,,Backlog,2026-04-24 08:01:30,l.moreau
1617,Backlog,Waiting for In Progress,2026-04-27 01:41:43,d.byrne
1617,Waiting for In Progress,In Progress,2026-04-30 20:08:22,l.moreau
1617,In Progress,Waiting for Test,2026-05-01 09:02:54,d.byrne
1617,Waiting for Test,In Test,2026-05-01 18:23:22,l.moreau
1617,In Test,Done,2026-05-01 22:01:06,d.byrne
1617,Done,Released,2026-05-11 09:00:00,l.moreau
1618,,Backlog,2026-04-28 06:59:26,d.byrne
1618,Backlog,Waiting for In Progress,2026-04-29 13:52:50,d.byrne
1618,Waiting for In Progress,In Progress,2026-04-30 15:09:11,l.moreau
1618,In Progress,Waiting for Test,2026-05-01 16:03:49,d.byrne
1618,Waiting for Test,In Test,2026-05-04 15:24:47,d.byrne
1618,In Test,Done,2026-05-04 20:54:32,l.moreau
1618,Done,Released,2026-05-11 09:00:00,d.byrne
1619,,Backlog,28/04/2026 04:31,l.moreau
1619,Backlog,Waiting for In Progress,2026-04-29 03:00:54,d.byrne
1619,Waiting for In Progress,In Progress,2026-05-04 03:08:41,l.moreau
1619,In Progress,Waiting for Test,2026-05-04 06:13:01,l.moreau
1619,Waiting for Test,In Test,2026-05-05 14:48:11,d.byrne
1619,In Test,Done,2026-05-06 02:55:03,d.byrne
1619,Done,Released,2026-05-11 09:00:00,l.moreau
1620,,Backlog,24/04/2026 07:42,l.moreau
1620,Backlog,Waiting for In Progress,2026-04-27 20:23:27,d.byrne
1620,Waiting for In Progress,In Progress,2026-04-29 17:51:20,l.moreau
1620,In Progress,Waiting for Test,2026-04-29 22:49:37,d.byrne
1620,Waiting for Test,In Test,2026-05-01 09:48:04,l.moreau
1620,In Test,Done,2026-05-01 12:22:33,d.byrne
1620,Done,Released,2026-05-11 09:00:00,d.byrne
1621,,Backlog,2026-04-27 04:05:15,l.moreau
1621,Backlog,Waiting for In Progress,2026-04-27 23:09:50,d.byrne
1621,Waiting for In Progress,In Progress,2026-05-04 20:53:57,l.moreau
1621,In Progress,Waiting for Test,2026-05-05 03:17:23,d.byrne
1621,Waiting for Test,In Test,2026-05-05 13:04:33,l.moreau
1621,In Test,Done,2026-05-05 20:46:09,d.byrne
1621,Done,Released,2026-05-11 09:00:00,l.moreau
1622,,Backlog,2026-04-27 07:01:48,s.rossi
1622,Backlog,Waiting for In Progress,2026-04-29 22:19:07,s.rossi
1622,Waiting for In Progress,In Progress,2026-05-01 23:40:01,p.nair
1622,In Progress,Waiting for Test,2026-05-04 01:51:50,p.nair
1622,Waiting for Test,In Test,2026-05-05 14:11:46,a.kowalski
1622,In Test,Done,2026-05-05 16:52:44,s.rossi
1622,Done,Released,2026-05-11 09:00:00,p.nair
1623,,Backlog,2026-04-27 14:30:22,a.kowalski
1623,Backlog,Waiting for In Progress,29/04/2026 20:46,s.rossi
1623,Waiting for In Progress,In Progress,2026-05-01 04:46:56,a.kowalski
1623,In Progress,Waiting for Test,2026-05-01 09:40:27,s.rossi
1623,Waiting for Test,In Test,2026-05-01 22:10:29,s.rossi
1623,In Test,Done,2026-05-04 05:08:02,p.nair
1623,Done,Released,2026-05-11 09:00:00,s.rossi
1624,,Backlog,2026-04-24 10:06:25,s.rossi
1624,Backlog,Waiting for In Progress,2026-04-27 23:48:46,a.kowalski
1624,Waiting for In Progress,In Progress,2026-05-04 01:08:55,a.kowalski
1624,In Progress,Waiting for Test,2026-05-04 06:53:53,p.nair
1624,Waiting for Test,In Test,2026-05-06 00:48:48,p.nair
1624,In Test,Done,2026-05-06 05:11:18,a.kowalski
1624,Done,Released,2026-05-11 09:00:00,p.nair
1625,,Backlog,28/04/2026 14:03,a.kowalski
1625,Backlog,Waiting for In Progress,2026-04-30 11:32:52,a.kowalski
1625,Waiting for In Progress,In Progress,2026-05-04 04:01:21,p.nair
1625,In Progress,Waiting for Test,2026-05-04 07:27:01,s.rossi
1625,Waiting for Test,In Test,2026-05-07 14:48:12,a.kowalski
1625,In Test,Done,07/05/2026 23:55,s.rossi
1625,Done,In Progress,2026-05-11 15:59:01,a.kowalski
1625,In Progress,Waiting for Test,2026-05-11 17:58:06,s.rossi
1625,Waiting for Test,In Test,2026-05-13 17:15:50,a.kowalski
1625,In Test,Done,2026-05-13 22:14:43,a.kowalski
1625,Done,Released,2026-05-18 09:00:00,s.rossi
1626,,Backlog,27/04/2026 05:28,a.kowalski
1626,Backlog,Waiting for In Progress,2026-04-30 01:56:16,s.rossi
1626,Waiting for In Progress,In Progress,2026-05-04 16:39:10,s.rossi
1626,In Progress,Waiting for Test,2026-05-05 03:04:59,p.nair
1626,Waiting for Test,In Test,08/05/2026 08:41,p.nair
1626,In Test,Done,2026-05-08 13:38:47,a.kowalski
1626,Done,In Progress,2026-05-11 14:51:17,s.rossi
1626,In Progress,Waiting for Test,2026-05-12 06:47:49,p.nair
1626,Waiting for Test,In Test,2026-05-12 21:04:06,p.nair
1626,In Test,Done,2026-05-13 04:15:38,a.kowalski
1626,Done,Released,2026-05-18 09:00:00,a.kowalski
1627,,Backlog,2026-04-28 04:25:51,s.rossi
1627,Backlog,Waiting for In Progress,2026-05-01 16:58:03,s.rossi
1628,,Backlog,2026-04-24 15:08:35,p.nair
1628,Backlog,Waiting for In Progress,2026-04-28 05:10:18,a.kowalski
1628,Waiting for In Progress,In Progress,2026-04-28 10:57:57,a.kowalski
1628,In Progress,Waiting for Test,2026-04-29 04:39:50,p.nair
1628,Waiting for Test,In Test,2026-05-04 03:18:05,p.nair
1628,In Test,Done,2026-05-04 18:14:46,p.nair
1628,Done,Released,2026-05-11 09:00:00,a.kowalski
1629,,Backlog,2026-04-28 19:52:11,s.rossi
1629,Backlog,Waiting for In Progress,2026-05-01 05:29:12,s.rossi
1629,Waiting for In Progress,In Progress,2026-05-01 12:07:10,a.kowalski
1629,In Progress,Waiting for Test,2026-05-01 23:35:24,a.kowalski
1629,Waiting for Test,In Test,2026-05-04 10:30:49,s.rossi
1629,In Test,Done,2026-05-04 17:20:11,s.rossi
1629,Done,In Progress,2026-05-11 13:34:30,a.kowalski
1629,In Progress,Waiting for Test,2026-05-11 23:39:30,a.kowalski
1629,Waiting for Test,In Test,2026-05-13 03:55:54,s.rossi
1629,In Test,Done,2026-05-13 12:51:28,p.nair
1629,Done,Released,2026-05-18 09:00:00,s.rossi
1630,,Backlog,2026-04-29 07:28:35,a.kowalski
1630,Backlog,Waiting for In Progress,2026-05-01 20:12:01,a.kowalski
1630,Waiting for In Progress,In Progress,2026-05-04 03:17:17,s.rossi
1630,In Progress,Waiting for Test,2026-05-04 14:37:14,p.nair
1630,Waiting for Test,In Test,2026-05-05 16:07:14,a.kowalski
1630,In Test,Done,2026-05-06 03:18:52,s.rossi
1630,Done,Released,2026-05-11 09:00:00,a.kowalski
1631,,Backlog,24/04/2026 12:10,s.rossi
1631,Backlog,Waiting for In Progress,2026-04-27 09:05:33,a.kowalski
1631,Waiting for In Progress,In Progress,29/04/2026 22:05,s.rossi
1631,In Progress,Waiting for Test,2026-04-30 04:02:14,a.kowalski
1631,Waiting for Test,In Test,2026-05-04 23:03:09,a.kowalski
1631,In Test,Done,2026-05-05 02:34:49,a.kowalski
1631,Done,Released,2026-05-11 09:00:00,a.kowalski
1632,,Backlog,2026-04-27 10:18:08,h.ozturk
1632,Backlog,Waiting for In Progress,2026-04-29 17:23:52,h.ozturk
1632,Waiting for In Progress,In Progress,2026-04-30 14:47:38,c.mendes
1632,In Progress,Waiting for Test,2026-05-01 02:07:54,h.ozturk
1632,Waiting for Test,In Test,2026-05-04 04:19:31,c.mendes
1632,In Test,Done,2026-05-04 08:02:21,h.ozturk
1632,Done,Released,2026-05-11 09:00:00,c.mendes
1633,,Backlog,2026-04-28 09:46:56,c.mendes
1633,Backlog,Waiting for In Progress,2026-05-01 09:22:34,h.ozturk
1633,Waiting for In Progress,In Progress,2026-05-04 10:06:29,c.mendes
1633,In Progress,Waiting for Test,2026-05-04 19:11:46,h.ozturk
1633,Waiting for Test,In Test,2026-05-05 22:51:27,c.mendes
1633,In Test,Done,2026-05-06 06:24:59,c.mendes
1633,Done,Released,2026-05-11 09:00:00,c.mendes
1634,,Backlog,2026-04-27 12:22:55,h.ozturk
1634,Backlog,Waiting for In Progress,2026-04-27 17:35:43,h.ozturk
1634,Waiting for In Progress,In Progress,2026-04-29 18:56:42,h.ozturk
1634,In Progress,Waiting for Test,2026-04-30 06:59:18,h.ozturk
1634,Waiting for Test,In Test,2026-05-01 05:57:27,c.mendes
1634,In Test,Done,2026-05-01 10:47:43,c.mendes
1634,Done,Released,2026-05-11 09:00:00,c.mendes
1635,,Backlog,2026-04-29 15:12:11,c.mendes
1635,Backlog,Waiting for In Progress,2026-04-30 18:31:47,h.ozturk
1635,Waiting for In Progress,In Progress,2026-05-04 15:26:32,h.ozturk
1635,In Progress,Waiting for Test,2026-05-05 13:33:07,c.mendes
1635,Waiting for Test,In Test,2026-05-08 06:41:29,h.ozturk
1635,In Test,Done,2026-05-08 13:05:58,c.mendes
1635,Done,In Progress,2026-05-11 04:13:56,h.ozturk
1635,In Progress,Waiting for Test,11/05/2026 23:16,c.mendes
1635,Waiting for Test,In Test,14/05/2026 10:37,h.ozturk
1635,In Test,Done,2026-05-14 14:50:52,h.ozturk
1635,Done,Released,2026-05-18 09:00:00,c.mendes
1636,,Backlog,2026-04-28 03:18:30,c.mendes
1636,Waiting for In Progress,In Progress,01/05/2026 09:38,c.mendes
1636,In Progress,Waiting for Test,2026-05-01 23:14:29,c.mendes
1636,Waiting for Test,In Test,2026-05-04 18:40:53,h.ozturk
1636,In Test,Done,2026-05-04 23:13:09,c.mendes
1636,Done,Released,2026-05-11 09:00:00,c.mendes
1637,,Backlog,2026-04-27 14:45:39,h.ozturk
1637,Backlog,Waiting for In Progress,2026-04-30 17:54:47,c.mendes
1637,Waiting for In Progress,In Progress,2026-05-05 05:19:15,c.mendes
1637,In Progress,Waiting for Test,2026-05-05 15:46:41,c.mendes
1637,Waiting for Test,In Test,2026-05-06 13:29:14,c.mendes
1637,In Test,Done,2026-05-06 19:06:17,h.ozturk
1637,Done,Released,2026-05-11 09:00:00,h.ozturk
1638,,Backlog,2026-05-11 15:42:26,m.okafor
1638,Backlog,Waiting for In Progress,2026-05-15 08:46:55,m.okafor
1638,Waiting for In Progress,In Progress,2026-05-15 14:07:49,m.okafor
1638,In Progress,Waiting for Test,15/05/2026 17:51,r.silva
1638,Waiting for Test,In Test,2026-05-18 05:46:43,r.silva
1638,In Test,Done,2026-05-19 01:29:18,j.tan
1638,Done,In Progress,2026-05-20 09:14:14,m.okafor
1638,In Progress,Waiting for Test,2026-05-20 14:43:45,m.okafor
1638,Waiting for Test,In Test,2026-05-20 21:53:12,m.okafor
1638,In Test,Done,2026-05-21 22:19:13,j.tan
1638,Done,Released,2026-06-01 09:00:00,j.tan
1639,,Backlog,2026-05-11 07:01:07,r.silva
1639,Backlog,Waiting for In Progress,2026-05-14 00:07:43,j.tan
1639,Waiting for In Progress,In Progress,2026-05-14 04:38:52,j.tan
1639,In Progress,Waiting for Test,2026-05-14 22:57:41,j.tan
1639,Waiting for Test,In Test,2026-05-18 19:59:22,r.silva
1639,In Test,Done,2026-05-19 01:28:29,r.silva
1639,Done,Released,2026-06-01 09:00:00,m.okafor
1640,,Backlog,2026-05-12 16:14:02,m.okafor
1640,Backlog,Waiting for In Progress,2026-05-15 00:41:30,m.okafor
1640,Waiting for In Progress,In Progress,2026-05-15 22:24:24,r.silva
1640,In Progress,Waiting for Test,2026-05-18 13:29:01,r.silva
1640,Waiting for Test,In Test,2026-05-21 12:07:42,r.silva
1640,In Test,Done,2026-05-21 19:32:05,m.okafor
1640,Done,Released,2026-06-01 09:00:00,j.tan
1641,,Backlog,2026-05-12 06:15:50,j.tan
1641,Backlog,Waiting for In Progress,2026-05-13 13:23:22,r.silva
1641,Waiting for In Progress,In Progress,2026-05-18 02:26:55,r.silva
1641,In Progress,Waiting for Test,2026-05-18 14:14:58,j.tan
1641,Waiting for Test,In Test,2026-05-21 01:50:41,j.tan
1641,In Test,Done,2026-05-21 04:51:08,j.tan
1641,Done,Released,2026-06-01 09:00:00,r.silva
1642,,Backlog,2026-05-11 06:53:47,m.okafor
1642,Backlog,Waiting for In Progress,2026-05-13 17:22:23,m.okafor
1642,Waiting for In Progress,In Progress,2026-05-14 14:54:22,j.tan
1642,In Progress,Waiting for Test,2026-05-14 19:54:01,r.silva
1642,Waiting for Test,In Test,2026-05-15 08:19:14,r.silva
1642,In Test,Done,2026-05-15 16:38:52,r.silva
1642,Done,Released,2026-05-18 09:00:00,m.okafor
1643,,Backlog,2026-05-12 08:20:08,r.silva
1643,Backlog,Waiting for In Progress,2026-05-13 09:43:24,m.okafor
1643,Waiting for In Progress,In Progress,2026-05-15 06:10:45,j.tan
1643,In Progress,Waiting for Test,2026-05-18 00:50:12,m.okafor
1643,Waiting for Test,In Test,2026-05-19 14:32:52,j.tan
1643,In Test,Done,2026-05-19 19:09:31,r.silva
1643,Done,Released,2026-06-01 09:00:00,j.tan
1644,,Backlog,2026-05-12 06:16:51,j.tan
1644,Backlog,Waiting for In Progress,2026-05-13 18:25:03,m.okafor
1644,Waiting for In Progress,In Progress,2026-05-14 19:28:52,r.silva
1644,In Progress,Waiting for Test,2026-05-15 08:04:10,r.silva
1644,Waiting for Test,In Test,2026-05-18 12:02:56,m.okafor
1644,In Test,Done,2026-05-19 05:14:22,m.okafor
1644,Done,Released,2026-06-01 09:00:00,j.tan
1645,,Backlog,2026-05-12 09:18:18,m.okafor
1645,Backlog,Waiting for In Progress,2026-05-13 16:40:16,r.silva
1645,Waiting for In Progress,In Progress,2026-05-18 07:01:54,r.silva
1645,In Progress,Waiting for Test,19/05/2026 16:27,m.okafor
1645,Waiting for Test,In Test,2026-05-21 16:57:17,r.silva
1645,In Test,Done,2026-05-21 21:22:48,j.tan
1645,Done,Released,2026-06-01 09:00:00,j.tan
1646,,Backlog,2026-05-13 03:40:25,m.okafor
1646,Backlog,Waiting for In Progress,2026-05-18 09:34:00,r.silva
1646,Waiting for In Progress,In Progress,2026-05-21 02:16:40,m.okafor
1646,In Progress,Waiting for Test,2026-05-21 13:05:48,m.okafor
1646,Waiting for Test,In Test,2026-05-22 18:35:35,r.silva
1646,In Test,Done,2026-05-25 00:47:06,j.tan
1646,Done,Released,2026-06-01 09:00:00,m.okafor
1647,,Backlog,2026-05-12 08:29:13,m.okafor
1647,Backlog,Waiting for In Progress,2026-05-12 10:45:07,j.tan
1647,Waiting for In Progress,In Progress,2026-05-13 08:07:11,m.okafor
1647,In Progress,Waiting for Test,2026-05-13 14:56:16,r.silva
1647,Waiting for Test,In Test,2026-05-18 07:25:11,r.silva
1647,In Test,Done,2026-05-18 12:33:41,r.silva
1647,Done,Released,2026-06-01 09:00:00,j.tan
1648,,Backlog,2026-05-07 23:12:38,d.byrne
1648,Backlog,Waiting for In Progress,2026-05-11 12:41:00,d.byrne
1648,Waiting for In Progress,In Progress,2026-05-14 18:27:23,d.byrne
1648,In Progress,Waiting for Test,2026-05-15 11:17:53,d.byrne
1648,Waiting for Test,In Test,2026-05-18 09:10:05,d.byrne
1648,In Test,Done,2026-05-18 15:23:19,d.byrne
1649,,Backlog,2026-05-12 09:49:25,l.moreau
1649,Backlog,Waiting for In Progress,2026-05-13 16:48:17,d.byrne
1649,Waiting for In Progress,In Progress,2026-05-14 09:43:29,d.byrne
1650,,Backlog,2026-05-08 15:35:20,d.byrne
1650,Backlog,Waiting for In Progress,2026-05-11 20:22:32,l.moreau
1650,Waiting for In Progress,In Progress,2026-05-15 02:39:05,d.byrne
1650,In Progress,Waiting for Test,2026-05-15 19:49:06,d.byrne
1650,Waiting for Test,In Test,2026-05-18 22:50:23,l.moreau
1650,In Test,Done,2026-05-19 15:03:10,l.moreau
1650,Done,Released,2026-06-01 09:00:00,d.byrne
1651,,Backlog,2026-05-12 10:50:59,l.moreau
1651,Backlog,Waiting for In Progress,2026-05-14 01:53:54,l.moreau
1651,Waiting for In Progress,In Progress,2026-05-15 04:35:02,l.moreau
1651,In Progress,Waiting for Test,2026-05-15 09:01:27,l.moreau
1651,Waiting for Test,In Test,2026-05-18 09:40:58,l.moreau
1651,In Test,Done,2026-05-18 15:37:48,d.byrne
1651,Done,In Progress,2026-05-22 18:26:20,l.moreau
1651,In Progress,Waiting for Test,25/05/2026 05:43,l.moreau
1651,Waiting for Test,In Test,2026-05-27 12:18:09,l.moreau
1651,In Test,Done,27/05/2026 18:08,d.byrne
1651,Done,Released,2026-06-01 09:00:00,l.moreau
1652,,Backlog,2026-05-12 09:52:01,l.moreau
1652,Backlog,Waiting for In Progress,2026-05-13 08:00:03,d.byrne
1652,Waiting for In Progress,In Progress,2026-05-15 04:22:58,d.byrne
1652,In Progress,Waiting for Test,2026-05-18 08:29:20,l.moreau
1652,Waiting for Test,In Test,2026-05-19 09:25:35,d.byrne
1652,In Test,Done,2026-05-19 16:54:56,l.moreau
1652,Done,Released,2026-06-01 09:00:00,l.moreau
1653,,Backlog,2026-05-12 12:54:27,l.moreau
1653,Backlog,Waiting for In Progress,2026-05-15 07:11:29,d.byrne
1653,Waiting for In Progress,In Progress,2026-05-18 17:48:18,d.byrne
1653,In Progress,Waiting for Test,2026-05-18 22:33:56,d.byrne
1653,Waiting for Test,In Test,2026-05-21 03:53:08,l.moreau
1653,In Test,Done,2026-05-21 08:28:15,d.byrne
1653,Done,Released,2026-06-01 09:00:00,l.moreau
1654,,Backlog,2026-05-11 11:26:21,l.moreau
1654,Backlog,Waiting for In Progress,2026-05-14 15:21:00,l.moreau
1654,Waiting for In Progress,In Progress,2026-05-18 22:52:55,d.byrne
1654,In Progress,Waiting for Test,2026-05-19 06:32:11,d.byrne
1654,Waiting for Test,In Test,21/05/2026 03:31,l.moreau
1654,In Test,Done,2026-05-21 07:58:03,l.moreau
1654,Done,Released,2026-06-01 09:00:00,l.moreau
1655,,Backlog,2026-05-12 22:50:32,l.moreau
1655,Backlog,Waiting for In Progress,2026-05-13 07:59:46,l.moreau
1655,Waiting for In Progress,In Progress,2026-05-13 11:28:18,d.byrne
1655,In Progress,Waiting for Test,2026-05-14 01:47:30,l.moreau
1655,Waiting for Test,In Test,2026-05-18 22:39:03,d.byrne
1655,In Test,Done,2026-05-19 06:45:12,l.moreau
1655,Done,Released,2026-06-01 09:00:00,l.moreau
1656,,Backlog,2026-05-12 11:20:52,d.byrne
1656,Backlog,Waiting for In Progress,15/05/2026 18:28,d.byrne
1656,Waiting for In Progress,In Progress,2026-05-18 19:06:58,d.byrne
1656,In Progress,Waiting for Test,2026-05-18 22:12:50,d.byrne
1656,Waiting for Test,In Test,2026-05-21 01:15:06,d.byrne
1656,In Test,Done,2026-05-21 20:36:21,l.moreau
1656,Done,Released,2026-06-01 09:00:00,l.moreau
1657,,Backlog,13/05/2026 07:05,a.kowalski
1657,Backlog,Waiting for In Progress,2026-05-18 17:14:54,s.rossi
1657,Waiting for In Progress,In Progress,2026-05-19 05:00:10,a.kowalski
1657,In Progress,Waiting for Test,19/05/2026 09:59,s.rossi
1657,Waiting for Test,In Test,2026-05-21 08:30:35,a.kowalski
1657,In Test,Done,2026-05-21 22:54:00,s.rossi
1657,Done,Released,2026-06-01 09:00:00,a.kowalski
1658,,Backlog,2026-05-13 22:09:06,s.rossi
1658,Backlog,Waiting for In Progress,2026-05-15 09:24:12,s.rossi
1658,Waiting for In Progress,In Progress,2026-05-15 14:24:30,p.nair
1658,In Progress,Waiting for Test,2026-05-18 03:13:42,s.rossi
1658,Waiting for Test,In Test,2026-05-18 23:28:42,a.kowalski
1658,In Test,Done,2026-05-19 11:55:43,s.rossi
1658,Done,Released,01/06/2026 09:00,a.kowalski
1659,,Backlog,2026-05-12 20:50:38,p.nair
1659,Backlog,Waiting for In Progress,2026-05-18 04:03:57,p.nair
1659,Waiting for In Progress,In Progress,2026-05-20 21:00:44,a.kowalski
1659,In Progress,Waiting for Test,2026-05-21 04:39:09,s.rossi
1659,Waiting for Test,In Test,2026-05-25 15:44:28,a.kowalski
1659,In Test,Done,2026-05-25 22:22:36,s.rossi
1659,Done,Released,2026-06-01 09:00:00,p.nair
1660,,Backlog,2026-05-11 16:56:45,a.kowalski
1660,Backlog,Waiting for In Progress,2026-05-12 08:13:01,p.nair
1660,Waiting for In Progress,In Progress,2026-05-12 09:41:50,p.nair
1660,In Progress,Waiting for Test,2026-05-12 21:31:31,s.rossi
1660,Waiting for Test,In Test,2026-05-15 21:09:25,p.nair
1660,In Test,Done,2026-05-18 03:36:31,s.rossi
1660,Done,Released,2026-05-18 09:00:00,a.kowalski
1661,,Backlog,2026-05-11 20:15:04,p.nair
1661,Backlog,Waiting for In Progress,2026-05-12 07:17:04,a.kowalski
1661,Waiting for In Progress,In Progress,2026-05-13 01:33:39,a.kowalski
1661,In Progress,Waiting for Test,2026-05-14 00:18:30,p.nair
1661,Waiting for Test,In Test,2026-05-14 10:24:19,a.kowalski
1661,In Test,Done,2026-05-14 14:21:34,a.kowalski
1661,Done,Released,2026-05-18 09:00:00,p.nair
1662,,Backlog,2026-05-12 02:04:22,p.nair
1662,Backlog,Waiting for In Progress,2026-05-13 09:48:58,p.nair
1662,Waiting for In Progress,In Progress,2026-05-15 06:28:14,a.kowalski
1662,In Progress,Waiting for Test,2026-05-15 10:41:10,a.kowalski
1662,Waiting for Test,In Test,2026-05-18 08:05:23,s.rossi
1662,In Test,Done,2026-05-19 03:20:08,p.nair
1662,Done,Released,2026-06-01 09:00:00,s.rossi
1663,,Backlog,2026-05-14 02:44:32,p.nair
1663,Backlog,Waiting for In Progress,2026-05-14 23:17:47,a.kowalski
1663,Waiting for In Progress,In Progress,2026-05-18 15:05:56,p.nair
1663,In Progress,Waiting for Test,2026-05-19 02:19:34,p.nair
1663,Waiting for Test,In Test,2026-05-21 20:39:45,a.kowalski
1663,In Test,Done,2026-05-22 01:00:58,a.kowalski
1663,Done,Released,2026-06-01 09:00:00,p.nair
1664,,Backlog,2026-05-12 00:01:10,a.kowalski
1664,Backlog,Waiting for In Progress,2026-05-12 23:20:17,p.nair
1664,Waiting for In Progress,In Progress,2026-05-15 20:54:40,s.rossi
1664,In Progress,Waiting for Test,2026-05-18 09:48:40,s.rossi
1664,Waiting for Test,In Test,2026-05-21 13:55:22,a.kowalski
1664,In Test,Done,2026-05-21 19:59:43,a.kowalski
1664,Done,Released,2026-06-01 09:00:00,s.rossi
1665,,Backlog,2026-05-12 07:12:02,s.rossi
1665,Backlog,Waiting for In Progress,2026-05-14 16:59:37,p.nair
1665,Waiting for In Progress,In Progress,2026-05-14 20:04:41,s.rossi
1666,,Backlog,2026-05-12 02:13:29,s.rossi
1666,Backlog,Waiting for In Progress,2026-05-15 05:48:46,p.nair
1666,Waiting for In Progress,In Progress,2026-05-18 22:33:23,s.rossi
1666,In Progress,Waiting for Test,2026-05-19 20:10:08,s.rossi
1666,Waiting for Test,In Test,2026-05-21 11:55:16,p.nair
1666,In Test,Done,2026-05-21 18:41:36,p.nair
1666,Done,Released,2026-06-01 09:00:00,s.rossi
1667,,Backlog,2026-05-11 09:11:44,s.rossi
1667,Backlog,Waiting for In Progress,2026-05-12 13:21:00,p.nair
1667,Waiting for In Progress,In Progress,2026-05-15 01:14:31,s.rossi
1667,In Progress,Waiting for Test,2026-05-15 04:44:53,p.nair
1667,Waiting for Test,In Test,2026-05-15 14:14:11,a.kowalski
1667,In Test,Done,15/05/2026 19:12,p.nair
1667,Done,Released,2026-05-18 09:00:00,p.nair
1668,,Backlog,2026-05-11 20:20:07,c.mendes
1668,Backlog,Waiting for In Progress,2026-05-15 10:34:11,c.mendes
1668,Waiting for In Progress,In Progress,2026-05-19 21:35:17,c.mendes
1668,In Progress,Waiting for Test,2026-05-20 06:51:02,c.mendes
1669,,Backlog,2026-05-11 20:08:59,c.mendes
1669,Backlog,Waiting for In Progress,2026-05-12 09:32:16,c.mendes
1669,In Progress,Waiting for Test,2026-05-15 09:04:30,c.mendes
1669,Waiting for Test,In Test,2026-05-18 00:03:22,h.ozturk
1669,In Test,Done,2026-05-18 08:32:09,h.ozturk
1669,Done,Released,2026-05-18 09:00:00,c.mendes
1670,,Backlog,2026-05-12 14:28:52,c.mendes
1670,Backlog,Waiting for In Progress,2026-05-18 02:42:08,c.mendes
1670,Waiting for In Progress,In Progress,2026-05-20 16:29:02,c.mendes
1670,In Progress,Waiting for Test,2026-05-21 01:57:14,h.ozturk
1670,Waiting for Test,In Test,2026-05-22 06:12:20,c.mendes
1670,In Test,Done,2026-05-22 09:20:56,c.mendes
1670,Done,Released,2026-06-01 09:00:00,c.mendes
1671,,Backlog,2026-05-07 18:37:06,h.ozturk
1671,Backlog,Waiting for In Progress,2026-05-11 03:19:08,c.mendes
1671,Waiting for In Progress,In Progress,2026-05-11 21:45:11,h.ozturk
1671,In Progress,Waiting for Test,2026-05-12 12:41:10,h.ozturk
1671,Waiting for Test,In Test,2026-05-14 08:55:02,h.ozturk
1671,In Test,Done,2026-05-14 13:26:34,h.ozturk
1671,Done,In Progress,2026-05-18 06:21:10,h.ozturk
1671,In Progress,Waiting for Test,2026-05-18 23:52:08,c.mendes
1671,Waiting for Test,In Test,2026-05-20 23:36:58,c.mendes
1671,In Test,Done,2026-05-21 07:49:28,h.ozturk
1671,Done,Released,2026-06-01 09:00:00,c.mendes
1672,,Backlog,2026-05-12 18:27:07,c.mendes
1672,Backlog,Waiting for In Progress,2026-05-14 05:10:42,h.ozturk
1672,Waiting for In Progress,In Progress,2026-05-14 10:16:14,h.ozturk
1672,In Progress,Waiting for Test,2026-05-15 07:18:51,c.mendes
1672,Waiting for Test,In Test,2026-05-18 15:25:38,h.ozturk
1672,In Test,Done,2026-05-18 22:44:48,c.mendes
1672,Done,Released,2026-06-01 09:00:00,c.mendes
1673,,Backlog,2026-05-08 18:45:22,h.ozturk
1673,Backlog,Waiting for In Progress,2026-05-12 02:59:59,h.ozturk
1673,Waiting for In Progress,In Progress,2026-05-18 01:42:48,h.ozturk
1673,In Progress,Waiting for Test,2026-05-18 10:43:25,h.ozturk
1673,Waiting for Test,In Test,2026-05-18 14:51:06,h.ozturk
1673,In Test,Done,2026-05-19 01:40:53,h.ozturk
1673,Done,In Progress,20/05/2026 10:55,c.mendes
1673,In Progress,Waiting for Test,2026-05-20 18:22:59,h.ozturk
1673,Waiting for Test,In Test,2026-05-22 11:54:56,h.ozturk
1673,In Test,Done,2026-05-22 23:39:42,h.ozturk
1673,Done,Released,2026-06-01 09:00:00,c.mendes
1674,,Backlog,2026-05-08 02:32:11,h.ozturk
1674,Backlog,Waiting for In Progress,2026-05-11 19:30:36,c.mendes
1674,Waiting for In Progress,In Progress,2026-05-12 19:02:50,c.mendes
1674,In Progress,Waiting for Test,2026-05-13 00:38:15,c.mendes
1674,Waiting for Test,In Test,2026-05-15 22:21:42,h.ozturk
1674,In Test,Done,2026-05-18 02:29:39,c.mendes
1674,Done,Released,2026-05-18 09:00:00,h.ozturk
1675,,Backlog,2026-05-11 19:50:37,h.ozturk
1675,Backlog,Waiting for In Progress,2026-05-14 03:34:41,h.ozturk
1675,Waiting for In Progress,In Progress,2026-05-18 03:12:32,c.mendes
1675,In Progress,Waiting for Test,2026-05-18 07:00:08,c.mendes
1675,In Test,Done,2026-05-21 01:12:34,h.ozturk
1675,Done,Released,01/06/2026 09:00,c.mendes
1676,,Backlog,2026-05-13 04:39:09,c.mendes
1676,Backlog,Waiting for In Progress,2026-05-15 15:26:30,c.mendes
1676,Waiting for In Progress,In Progress,2026-05-18 13:07:32,c.mendes
1676,In Progress,Waiting for Test,2026-05-18 23:17:59,h.ozturk
1676,Waiting for Test,In Test,2026-05-19 10:41:39,c.mendes
1676,In Test,Done,2026-05-20 05:36:27,c.mendes
1676,Done,Released,2026-06-01 09:00:00,h.ozturk
1677,,Backlog,2026-05-11 16:47:12,c.mendes
1677,Backlog,Waiting for In Progress,2026-05-15 00:54:54,h.ozturk
1678,,Backlog,2026-05-11 15:39:40,h.ozturk
1678,Backlog,Waiting for In Progress,2026-05-11 20:37:18,h.ozturk
1678,Waiting for In Progress,In Progress,13/05/2026 12:53,h.ozturk
1678,In Progress,Waiting for Test,2026-05-13 16:07:22,h.ozturk
1678,Waiting for Test,In Test,2026-05-14 03:01:33,h.ozturk
1678,In Test,Done,2026-05-14 07:37:55,h.ozturk
1678,Done,Released,2026-05-18 09:00:00,c.mendes
1679,,Backlog,2026-05-26 03:14:57,r.silva
1679,Backlog,Waiting for In Progress,2026-05-27 00:27:32,m.okafor
1679,Waiting for In Progress,In Progress,2026-05-27 20:25:51,r.silva
1679,In Progress,Waiting for Test,2026-05-28 09:30:52,r.silva
1679,Waiting for Test,In Test,2026-06-01 18:43:49,m.okafor
1679,In Test,Done,2026-06-01 21:32:48,j.tan
1680,,Backlog,2026-05-22 16:23:34,j.tan
1680,Backlog,Waiting for In Progress,2026-05-25 13:13:48,m.okafor
1680,Waiting for In Progress,In Progress,2026-06-01 12:15:00,j.tan
1680,In Progress,Waiting for Test,2026-06-01 22:22:43,j.tan
1680,Waiting for Test,In Test,2026-06-04 12:50:01,m.okafor
1680,In Test,Done,2026-06-04 20:20:47,j.tan
1681,,Backlog,2026-05-27 13:21:08,m.okafor
1681,Backlog,Waiting for In Progress,2026-05-27 19:24:16,m.okafor
1681,Waiting for In Progress,In Progress,2026-05-28 18:25:17,r.silva
1681,In Progress,Waiting for Test,2026-05-29 13:16:19,r.silva
1681,Waiting for Test,In Test,2026-06-01 05:00:52,m.okafor
1681,In Test,Done,2026-06-01 10:00:05,r.silva
1682,,Backlog,2026-05-22 18:44:12,m.okafor
1682,Backlog,Waiting for In Progress,2026-05-25 17:09:46,m.okafor
1682,Waiting for In Progress,In Progress,2026-05-28 03:38:07,r.silva
1682,In Progress,Waiting for Test,2026-05-28 14:27:26,j.tan
1682,Waiting for Test,In Test,2026-06-01 00:13:06,r.silva
1682,In Test,Done,2026-06-01 17:53:24,r.silva
1683,,Backlog,26/05/2026 20:49,j.tan
1683,Backlog,Waiting for In Progress,2026-05-28 13:54:56,r.silva
1683,Waiting for In Progress,In Progress,2026-06-01 21:21:33,j.tan
1683,In Progress,Waiting for Test,2026-06-02 02:23:00,j.tan
1683,Waiting for Test,In Test,2026-06-03 08:58:52,m.okafor
1683,In Test,Done,2026-06-03 14:07:42,j.tan
1684,,Backlog,2026-05-26 00:05:28,j.tan
1684,Backlog,Waiting for In Progress,2026-05-29 12:42:11,j.tan
1684,Waiting for In Progress,In Progress,01/06/2026 06:58,r.silva
1684,In Progress,Waiting for Test,2026-06-01 14:06:21,r.silva
1684,Waiting for Test,In Test,2026-06-02 19:17:17,r.silva
1684,In Test,Done,2026-06-02 23:35:35,m.okafor
1685,,Backlog,2026-05-26 21:55:29,m.okafor
1685,Backlog,Waiting for In Progress,2026-06-01 07:42:22,j.tan
1685,Waiting for In Progress,In Progress,2026-06-05 11:07:42,r.silva
1685,In Progress,Waiting for Test,2026-06-08 00:27:36,r.silva
1685,Waiting for Test,In Test,2026-06-09 01:58:03,m.okafor
1685,In Test,Done,2026-06-09 04:54:50,r.silva
1685,Done,In Progress,2026-06-12 03:57:39,r.silva
1685,In Progress,Waiting for Test,2026-06-12 14:44:46,j.tan
1685,Waiting for Test,In Test,2026-06-15 10:18:07,m.okafor
1685,In Test,Done,2026-06-15 21:16:25,r.silva
1686,,Backlog,2026-05-26 19:56:16,r.silva
1686,Backlog,Waiting for In Progress,2026-05-29 22:59:10,j.tan
1686,Waiting for In Progress,In Progress,2026-06-03 10:28:53,m.okafor
1686,In Progress,Waiting for Test,2026-06-04 08:50:03,m.okafor
1686,Waiting for Test,In Test,04/06/2026 10:33,r.silva
1686,In Test,Done,2026-06-04 16:59:26,j.tan
1687,,Backlog,2026-05-22 22:10:40,d.byrne
1687,Backlog,Waiting for In Progress,2026-05-26 11:06:10,d.byrne
1687,Waiting for In Progress,In Progress,2026-06-01 20:03:37,d.byrne
1687,In Progress,Waiting for Test,2026-06-03 05:47:30,l.moreau
1687,Waiting for Test,In Test,2026-06-04 19:59:04,l.moreau
1687,In Test,Done,2026-06-05 12:15:46,d.byrne
1688,,Backlog,2026-05-26 17:52:50,d.byrne
1688,Backlog,Waiting for In Progress,2026-05-29 23:56:25,d.byrne
1688,Waiting for In Progress,In Progress,2026-06-02 21:22:27,d.byrne
1688,In Progress,Waiting for Test,2026-06-03 13:22:16,d.byrne
1688,Waiting for Test,In Test,2026-06-05 14:57:30,d.byrne
1688,In Test,Done,2026-06-05 19:33:09,d.byrne
1689,,Backlog,2026-05-27 12:39:47,l.moreau
1689,Waiting for In Progress,In Progress,2026-06-05 02:00:00,l.moreau
1689,In Progress,Waiting for Test,05/06/2026 06:35,l.moreau
1689,Waiting for Test,In Test,2026-06-05 15:51:37,d.byrne
1689,In Test,Done,2026-06-05 19:21:49,l.moreau
1690,,Backlog,2026-05-22 17:06:43,d.byrne
1690,Backlog,Waiting for In Progress,2026-05-25 12:06:34,d.byrne
1690,Waiting for In Progress,In Progress,2026-05-26 00:55:33,d.byrne
1690,In Progress,Waiting for Test,2026-05-26 17:47:38,l.moreau
1690,Waiting for Test,In Test,2026-05-28 22:55:14,d.byrne
1690,In Test,Done,2026-05-29 02:36:09,d.byrne
1690,Done,Released,2026-06-01 09:00:00,l.moreau
1691,,Backlog,2026-05-26 12:44:32,d.byrne
1691,Backlog,Waiting for In Progress,27/05/2026 21:38,d.byrne
1691,Waiting for In Progress,In Progress,2026-05-28 21:36:18,l.moreau
1691,In Progress,Waiting for Test,2026-05-29 08:56:10,l.moreau
1691,Waiting for Test,In Test,2026-06-01 23:13:53,l.moreau
1691,In Test,Done,2026-06-02 20:05:03,d.byrne
1692,,Backlog,2026-05-22 19:27:54,l.moreau
1692,Backlog,Waiting for In Progress,2026-05-25 00:59:34,d.byrne
1692,Waiting for In Progress,In Progress,2026-05-28 03:06:56,d.byrne
1692,In Progress,Waiting for Test,2026-05-29 14:38:05,l.moreau
1692,Waiting for Test,In Test,2026-06-01 14:21:27,d.byrne
1692,In Test,Done,2026-06-01 21:13:48,l.moreau
1693,,Backlog,2026-05-25 18:40:33,p.nair
1693,Backlog,Waiting for In Progress,2026-05-26 02:20:42,p.nair
1693,Waiting for In Progress,In Progress,2026-06-01 08:25:22,s.rossi
1693,In Progress,Waiting for Test,2026-06-01 12:06:39,a.kowalski
1693,Waiting for Test,In Test,2026-06-03 03:57:34,a.kowalski
1693,In Test,Done,2026-06-03 10:33:57,a.kowalski
1693,Backlog,Waiting for In Progress,2026-05-26 02:20:42,p.nair
1694,,Backlog,2026-05-25 10:21:42,s.rossi
1694,Backlog,Waiting for In Progress,2026-05-27 20:33:15,p.nair
1694,Waiting for In Progress,In Progress,2026-06-01 02:22:37,s.rossi
1694,In Progress,Waiting for Test,2026-06-01 16:31:29,p.nair
1694,Waiting for Test,In Test,2026-06-04 10:42:42,s.rossi
1694,In Test,Done,2026-06-04 20:11:56,a.kowalski
1695,,Backlog,2026-05-25 13:41:33,s.rossi
1695,Backlog,Waiting for In Progress,27/05/2026 23:24,p.nair
1695,Waiting for In Progress,In Progress,2026-06-01 22:13:33,a.kowalski
1695,In Progress,Waiting for Test,2026-06-02 19:03:52,s.rossi
1695,Waiting for Test,In Test,2026-06-03 07:52:21,s.rossi
1695,In Test,Done,2026-06-03 23:34:09,s.rossi
1696,,Backlog,2026-05-25 02:59:38,s.rossi
1696,Backlog,Waiting for In Progress,2026-05-26 17:47:56,p.nair
1696,Waiting for In Progress,In Progress,2026-05-27 02:18:05,s.rossi
1696,In Progress,Waiting for Test,2026-05-27 07:25:42,s.rossi
1696,Waiting for Test,In Test,2026-05-29 02:09:56,s.rossi
1696,In Test,Done,2026-05-29 07:38:54,s.rossi
1696,Done,Released,2026-06-01 09:00:00,p.nair
1697,,Backlog,2026-05-22 23:18:33,s.rossi
1697,Backlog,Waiting for In Progress,2026-05-26 07:15:03,p.nair
1697,Waiting for In Progress,In Progress,2026-05-28 22:22:10,s.rossi
1697,In Progress,Waiting for Test,2026-05-29 22:38:40,p.nair
1697,Waiting for Test,In Test,2026-06-01 06:43:35,s.rossi
1697,In Test,Done,2026-06-01 11:22:02,a.kowalski
1698,,Backlog,2026-05-25 17:27:02,h.ozturk
1698,Backlog,Waiting for In Progress,2026-05-26 21:01:43,c.mendes
1698,Waiting for In Progress,In Progress,2026-06-01 16:30:47,h.ozturk
1698,In Progress,Waiting for Test,2026-06-02 11:21:55,c.mendes
1698,Waiting for Test,In Test,04/06/2026 03:17,h.ozturk
1698,In Test,Done,2026-06-04 20:26:24,h.ozturk
1698,In Progress,Waiting for Test,2026-06-02 11:21:55,c.mendes
1699,,Backlog,2026-05-25 06:07:59,c.mendes
1699,Backlog,Waiting for In Progress,2026-05-25 15:55:21,c.mendes
1699,Waiting for In Progress,In Progress,27/05/2026 13:21,h.ozturk
1699,In Progress,Waiting for Test,2026-05-27 22:29:05,h.ozturk
1699,Waiting for Test,In Test,2026-05-28 11:29:15,c.mendes
1699,In Test,Done,2026-05-29 02:56:39,h.ozturk
1699,Done,Released,2026-06-01 09:00:00,c.mendes
1700,,Backlog,2026-05-25 17:01:26,c.mendes
1700,Backlog,Waiting for In Progress,2026-05-27 02:15:47,c.mendes
1700,Waiting for In Progress,In Progress,29/05/2026 02:07,c.mendes
1700,In Progress,Waiting for Test,2026-05-29 08:11:25,h.ozturk
1700,Waiting for Test,In Test,2026-06-01 20:17:49,h.ozturk
1700,In Test,Done,2026-06-02 01:34:53,h.ozturk
1701,,Backlog,2026-05-25 00:30:33,c.mendes
1701,Backlog,Waiting for In Progress,2026-05-26 07:52:10,c.mendes
1701,Waiting for In Progress,In Progress,2026-05-28 04:47:33,c.mendes
1701,In Progress,Waiting for Test,2026-05-29 11:43:21,h.ozturk
1701,Waiting for Test,In Test,2026-06-01 03:55:28,c.mendes
1701,In Test,Done,2026-06-01 14:52:37,h.ozturk
1702,,Backlog,2026-05-22 13:58:09,h.ozturk
1702,Backlog,Waiting for In Progress,2026-05-25 16:23:06,c.mendes
1702,Waiting for In Progress,In Progress,25/05/2026 21:17,h.ozturk
1702,In Progress,Waiting for Test,2026-05-27 16:47:18,h.ozturk
1702,Waiting for Test,In Test,2026-06-01 07:05:36,h.ozturk
1702,In Test,Done,2026-06-01 11:59:11,h.ozturk
1703,,Backlog,2026-05-25 20:58:42,c.mendes
1703,Backlog,Waiting for In Progress,2026-05-26 12:29:57,c.mendes
1703,Waiting for In Progress,In Progress,2026-05-28 00:07:23,c.mendes
1703,In Progress,Waiting for Test,2026-05-28 17:50:05,c.mendes
1703,Waiting for Test,In Test,2026-06-01 15:55:36,h.ozturk
1703,In Test,Done,2026-06-02 00:30:28,c.mendes
1704,,Backlog,2026-05-25 21:18:45,c.mendes
1704,Waiting for In Progress,In Progress,2026-05-28 00:10:38,c.mendes
1704,In Progress,Waiting for Test,2026-05-28 07:47:41,c.mendes
1704,Waiting for Test,In Test,2026-05-28 18:40:28,h.ozturk
1704,In Test,Done,2026-05-28 23:27:52,c.mendes
1704,Done,Released,2026-06-01 09:00:00,c.mendes
